135500,-7.8,10.5
135500.625,-7.5,10.1
135501.25,-7.2,9.8
135501.875,-7.1,9.6
135502.5,-6.5,9.2
135503.125,-6.3,8.8
135503.75,-6.4,8.7
135504.375,-5.8,8.6
135505,-5.3,8.4
135505.625,-4.9,8.3
135506.25,-5,8.3
135506.875,-4.8,8.1
135507.5,-4.4,7.5
135508.125,-3.9,6.8
135508.75,-4.1,5.7
135509.375,-3.9,4.4
135510,-3.5,3.1
135510.625,-3.4,2.4
135511.25,-2.9,2.3
135511.875,-2.4,2.2
135512.5,-2,2.3
135513.125,-2.2,2.7
135513.75,-2,3.4
135514.375,-1.9,4
135515,-1.9,4.9
135515.625,-2.3,5.6
135516.25,-2.3,6
135516.875,-2.5,6.1
135517.5,-2.4,6.2
135518.125,-2.3,5.9
135518.75,-2.6,5.5
135519.375,-2.7,5.3
135520,-2.9,5.5
135520.625,-2.8,5.6
135521.25,-2.8,5.3
135521.875,-2.9,4.9
135522.5,-2.6,4.5
135523.125,-2.2,4
135523.75,-2.4,3.4
135524.375,-2.5,3.1
135525,-3.2,2.8
135525.625,-3.4,2.2
135526.25,-3,1.3
135526.875,-2.5,0.6
135527.5,-2,0
135528.125,-1.7,-0.4
135528.75,-2,-0.4
135529.375,-2,0.2
135530,-2,0.9
135530.625,-1.5,1.3
135531.25,-1,1.6
135531.875,-0.3,2
135532.5,0.4,2.2
135533.125,1.2,1.9
135533.75,1.3,1.8
135534.375,1.5,2
135535,1.4,2.2
135535.625,1,2.3
135536.25,1,2.3
135536.875,1.1,1.9
135537.5,0.8,1.3
135538.125,1,0.9
135538.75,1.4,0.7
135539.375,1.3,0.6
135540,1.6,0.1
135540.625,1.7,-0.7
135541.25,1.5,-1.6
135541.875,1.6,-2.7
135542.5,1.5,-3.6
135543.125,1.9,-3.8
135543.75,2.4,-3.4
135544.375,2.5,-2.7
135545,3.1,-1.7
135545.625,3.7,-0.8
135546.25,4.2,-0.4
135546.875,4.4,-0.6
135547.5,4.1,-0.9
135548.125,4.3,-1
135548.75,4.6,-1.3
135549.375,4.9,-1.8
135550,4.7,-2.1
135550.625,4.6,-2
135551.25,4.1,-2
135551.875,4,-2.4
135552.5,4.2,-2.6
135553.125,4.1,-2.8
135553.75,3.9,-3
135554.375,3.4,-3
135555,3.3,-2.8
135555.625,3.2,-2.4
135556.25,2.7,-2.3
135556.875,2.2,-2.3
135557.5,2.2,-2.2
135558.125,2.3,-2.3
135558.75,3.2,-2.3
135559.375,4.1,-2.2
135560,4.7,-2.1
135560.625,5,-2.2
135561.25,4.7,-1.9
135561.875,4.7,-1.6
135562.5,4.7,-1.3
135563.125,4.7,-0.9
135563.75,5.1,-0.8
135564.375,5.6,-1.2
135565,5.9,-1.6
135565.625,5.6,-1.5
135566.25,5.6,-1
135566.875,5.6,-0.4
135567.5,5.1,0
135568.125,5.2,0.5
135568.75,5.5,0.8
135569.375,5.2,0.3
135570,5,-0.4
135570.625,4.6,-1
135571.25,4.5,-1.4
135571.875,4.1,-1.9
135572.5,4.2,-2.4
135573.125,4.4,-2.8
135573.75,4.1,-3.3
135574.375,4.1,-4
135575,3.7,-4.6
135575.625,3.7,-4.8
135576.25,3.3,-5.1
135576.875,3.3,-5.2
135577.5,3.5,-4.6
135578.125,3.6,-3.8
135578.75,4,-3.3
135579.375,4.3,-3.2
135580,4.2,-3.2
135580.625,4.4,-3.2
135581.25,4.5,-3.3
135581.875,4,-3.3
135582.5,3.8,-3.2
135583.125,3.6,-3.4
135583.75,3.1,-3.4
135584.375,3.1,-2.9
135585,2.8,-2.2
135585.625,2.7,-2.1
135586.25,2.4,-2.5
135586.875,2.6,-2.6
135587.5,2.9,-2.7
135588.125,3.2,-3
135588.75,3.5,-3.3
135589.375,3.9,-3.2
135590,3.9,-3.2
135590.625,4.1,-3.2
135591.25,4.2,-2.7
135591.875,3.9,-1.7
135592.5,3.9,-1.2
135593.125,3.9,-1.4
135593.75,3.4,-1.6
135594.375,3.4,-1.4
135595,3.3,-1
135595.625,3.2,-0.5
135596.25,3.2,0.5
135596.875,3,1.6
135597.5,3,2.4
135598.125,2.6,3.1
135598.75,2.5,3.8
135599.375,2.3,4.2
135600,2.7,4.3
135600.625,2.9,4.5
135601.25,2.9,4.8
135601.875,3.1,5
135602.5,3.2,5.1
135603.125,3,5.3
135603.75,3.4,5.4
135604.375,3.7,5
135605,3.4,4.5
135605.625,3.5,4.5
135606.25,3.9,4.7
135606.875,4.1,4.6
135607.5,3.7,4.5
135608.125,3.6,4.7
135608.75,3.1,4.5
135609.375,2.9,3.8
135610,2.6,3.3
135610.625,2.7,3.2
135611.25,2.6,3.1
135611.875,2.8,3
135612.5,3.3,3.1
135613.125,3.8,3.2
135613.75,4,3.1
135614.375,4.4,2.9
135615,4.5,2.8
135615.625,4.1,2.8
135616.25,4.1,2.8
135616.875,4.1,2.8
135617.5,4.1,2.9
135618.125,4.5,2.9
135618.75,5,2.9
135619.375,5,2.8
135620,5,2.5
135620.625,5,1.9
135621.25,4.8,1.4
135621.875,4.9,1.5
135622.5,5.2,1.7
135623.125,5,1.6
135623.75,5.1,1.5
135624.375,5.1,1.7
135625,5,2
135625.625,5.2,2
135626.25,5.1,2
135626.875,4.7,2
135627.5,4.7,2.1
135628.125,4.5,2.4
135628.75,4.7,3
135629.375,4.6,3.7
135630,4.1,4.1
135630.625,4.1,4.7
135631.25,3.8,5.4
135631.875,4,6.1
135632.5,4.4,6.5
135633.125,4.3,6.4
135633.75,4.5,6.1
135634.375,4.3,5.8
135635,4.5,5.7
135635.625,4.8,5.9
135636.25,4.9,6.3
135636.875,5.1,6.6
135637.5,5.3,7
135638.125,5.5,7.6
135638.75,5.4,7.9
135639.375,5.5,7.9
135640,5.1,7.8
135640.625,5,7.5
135641.25,5.2,6.9
135641.875,5.3,6.3
135642.5,5.5,6.1
135643.125,5.6,6.4
135643.75,5.3,6.6
135644.375,5.4,6.6
135645,5.3,6.7
135645.625,4.9,6.9
135646.25,4.7,6.9
135646.875,4.1,6.9
135647.5,4.2,7.1
135648.125,4.4,7.3
135648.75,4.3,7.5
135649.375,4.5,8
135650,4.3,8.5
135650.625,4.5,8.7
135651.25,4.7,8.6
135651.875,4.6,8.4
135652.5,4.7,8.3
135653.125,4.7,8
135653.75,4.4,7.9
135654.375,4.6,7.8
135655,4.7,7.5
135655.625,4.3,7.1
135656.25,4.1,7.1
135656.875,4,7.5
135657.5,3.2,7.6
135658.125,2.3,7
135658.75,1.9,6.6
135659.375,1.5,6.1
135660,1.7,5.8
135660.625,1.9,5.8
135661.25,2.3,6
135661.875,2.6,6.1
135662.5,2.6,6.2
135663.125,3,6.1
135663.75,3,6.2
135664.375,2.6,6.6
135665,2.8,6.9
135665.625,3.2,7.4
135666.25,3.8,7.9
135666.875,3.8,8.1
135667.5,3.9,7.7
135668.125,3.9,7.2
135668.75,3.5,6.9
135669.375,3.3,6.8
135670,2.7,6.8
135670.625,2.4,6.6
135671.25,2.4,6.5
135671.875,2.2,6.2
135672.5,2.2,5.9
135673.125,1.6,5.7
135673.75,1.6,5.5
135674.375,1.4,5.4
135675,1.6,5.4
135675.625,1.3,5.5
135676.25,1.2,5.6
135676.875,1.4,5.7
135677.5,1.3,5.9
135678.125,1.6,6.3
135678.75,1.7,6.5
135679.375,1.2,6.7
135680,1,7.1
135680.625,0.7,7.5
135681.25,0.9,7.7
135681.875,1,7.8
135682.5,0.5,7.9
135683.125,0.4,8.2
135683.75,0.3,8.2
135684.375,0,8.2
135685,0,8.3
135685.625,-0.5,8.2
135686.25,-0.9,7.7
135686.875,-1.5,7.4
135687.5,-1.5,7.4
135688.125,-1.6,7.3
135688.75,-1.3,7
135689.375,-1.2,6.5
135690,-0.9,6
135690.625,-0.4,5.5
135691.25,-0.2,5
135691.875,-0.4,4.6
135692.5,-0.5,4
135693.125,-0.5,3.4
135693.75,-0.7,3.1
135694.375,-0.6,3.1
135695,-0.6,3.2
135695.625,-1,3.5
135696.25,-1,3.9
135696.875,-1.5,4.3
135697.5,-1.7,4.4
135698.125,-2.2,4.3
135698.75,-2.4,4.3
135699.375,-2.9,4.3
135700,-3,4.2
135700.625,-3.3,4.4
135701.25,-3.1,4.9
135701.875,-2.6,5.1
135702.5,-2.4,5.1
135703.125,-2.1,5.3
135703.75,-1.9,5.5
135704.375,-2.4,5.3
135705,-2.9,4.9
135705.625,-3.4,4.4
135706.25,-3.4,4.2
135706.875,-3.3,4
135707.5,-3.5,4.1
135708.125,-3.1,4.4
135708.75,-3,4.6
135709.375,-2.7,4.5
135710,-2.2,4.3
135710.625,-1.8,4.3
135711.25,-2.2,4.5
135711.875,-2.1,4.9
135712.5,-1.9,5.7
135713.125,-2,6.5
135713.75,-1.8,7
135714.375,-1.8,7.3
135715,-1.9,7.5
135715.625,-1.6,7.5
135716.25,-1.4,7.5
135716.875,-1.8,7.5
135717.5,-1.7,7.8
135718.125,-2.1,7.9
135718.75,-2.1,7.8
135719.375,-2.1,7.7
135720,-2.3,7.5
135720.625,-2.2,7.1
135721.25,-2.2,6.7
135721.875,-1.9,6.7
135722.5,-1.6,6.8
135723.125,-1.5,6.8
135723.75,-1.8,6.7
135724.375,-1.8,6.7
135725,-2.2,6.7
135725.625,-2.2,6.6
135726.25,-2.2,6.6
135726.875,-2.3,6.9
135727.5,-2.1,7.2
135728.125,-2,7.4
135728.75,-2.4,7.6
135729.375,-2.4,7.8
135730,-2.8,7.8
135730.625,-3,7.9
135731.25,-3.5,7.9
135731.875,-3.7,7.7
135732.5,-3.7,7.2
135733.125,-3.8,7
135733.75,-3.6,7.1
135734.375,-3.7,7.2
135735,-3.6,7.1
135735.625,-3.6,7
135736.25,-4,6.8
135736.875,-4,6.4
135737.5,-4,5.9
135738.125,-4.3,5.7
135738.75,-4.3,5.7
135739.375,-4.7,5.7
135740,-4.9,5.7
135740.625,-5.4,5.8
135741.25,-5.4,6
135741.875,-5.7,6.1
135742.5,-5.5,6.3
135743.125,-5.4,6.6
135743.75,-5.5,6.7
135744.375,-5.6,6.5
135745,-6,6.3
135745.625,-5.9,6.1
135746.25,-6,5.9
135746.875,-5.5,5.8
135747.5,-4.7,5.7
135748.125,-4.1,5.3
135748.75,-3.5,4.7
135749.375,-3.5,4.3
135750,-3.5,4.1
135750.625,-3.5,3.9
135751.25,-3.6,3.6
135751.875,-3.4,3.3
135752.5,-3.3,3
135753.125,-3.4,2.4
135753.75,-3.9,1.9
135754.375,-4.1,1.6
135755,-4.7,1.4
135755.625,-5.4,1.2
135756.25,-5.4,1
135756.875,-4.9,1
135757.5,-4.8,1.2
135758.125,-4.5,1.4
135758.75,-4.9,1.7
135759.375,-4.9,2.1
135760,-4.5,2.5
135760.625,-3.6,3
135761.25,-3.3,3.1
135761.875,-2.9,2.7
135762.5,-2.6,2.1
135763.125,-2.6,1.7
135763.75,-3,1.3
135764.375,-3,1
135765,-2.9,0.8
135765.625,-3,0.6
135766.25,-2.8,0.2
135766.875,-2.9,-0.2
135767.5,-3.5,-0.4
135768.125,-4,-0.6
135768.75,-4.8,-0.9
135769.375,-5.4,-1.1
135770,-5.2,-1
135770.625,-4.7,-0.7
135771.25,-4.5,-0.3
135771.875,-3.9,-0.1
135772.5,-3.4,-0.1
135773.125,-3.5,-0.3
135773.75,-3.3,-0.4
135774.375,-3.2,-0.3
135775,-3.1,-0.1
135775.625,-3.5,0.2
135776.25,-3.6,0.4
135776.875,-3.6,0.7
135777.5,-4.1,0.9
135778.125,-4.2,0.8
135778.75,-4.6,0.4
135779.375,-4.4,-0.2
135780,-4.5,-0.7
135780.625,-4,-1.1
135781.25,-3.9,-1.4
135781.875,-3.3,-1.6
135782.5,-2.7,-2
135783.125,-2.4,-2.5
135783.75,-2.2,-3
135784.375,-2.4,-3.6
135785,-2.5,-4.1
135785.625,-2.5,-4.3
135786.25,-3,-4.3
135786.875,-3.1,-4.1
135787.5,-3.3,-3.7
135788.125,-3,-3.2
135788.75,-2.9,-2.9
135789.375,-3.3,-3.1
135790,-3.4,-3.4
135790.625,-3.7,-3.7
135791.25,-3.7,-3.8
135791.875,-3.6,-3.6
135792.5,-3.7,-3.1
135793.125,-3.6,-2.3
135793.75,-3.6,-2
135794.375,-3.2,-2.2
135795,-3.1,-2.4
135795.625,-3.2,-2.5
135796.25,-2.9,-2.8
135796.875,-2.7,-3.2
135797.5,-2.6,-3.7
135798.125,-2.9,-4.1
135798.75,-2.9,-4.5
135799.375,-2.8,-4.6
135800,-3.1,-4.6
135800.625,-3.3,-4.8
135801.25,-3.7,-5.3
135801.875,-3.9,-5.9
135802.5,-4.5,-6.6
135803.125,-4.6,-7.4
135803.75,-4.7,-7.8
135804.375,-4.6,-7.6
135805,-4.4,-7
135805.625,-4.6,-6.4
135806.25,-4.2,-5.9
135806.875,-3.8,-5.5
135807.5,-3.9,-5.4
135808.125,-3.8,-5.5
135808.75,-3.5,-5.3
135809.375,-3.6,-4.6
135810,-3.3,-4.1
135810.625,-3.1,-3.9
135811.25,-3.3,-3.8
135811.875,-3.2,-3.7
135812.5,-3.2,-3.7
135813.125,-3.3,-3.9
135813.75,-3.2,-4
135814.375,-3.4,-4.1
135815,-4,-4.5
135815.625,-4.1,-4.9
135816.25,-4.3,-5.1
135816.875,-4.3,-5.1
135817.5,-4.6,-5
135818.125,-4.7,-4.8
135818.75,-4.6,-4.8
135819.375,-4.8,-5.3
135820,-4.8,-5.8
135820.625,-4.9,-5.8
135821.25,-4.7,-5.3
135821.875,-4.5,-4.9
135822.5,-4.7,-4.5
135823.125,-4.5,-3.9
135823.75,-4.2,-3.1
135824.375,-4.4,-2.6
135825,-4.3,-2
135825.625,-4.3,-1.4
135826.25,-3.9,-1.2
135826.875,-3.5,-1.5
135827.5,-3,-1.6
135828.125,-2.8,-1.6
135828.75,-2.6,-1.7
135829.375,-2.4,-2
135830,-2.3,-1.9
135830.625,-2.4,-1.7
135831.25,-2.4,-1.8
135831.875,-2.4,-2.1
135832.5,-2.7,-2.3
135833.125,-2.7,-2.4
135833.75,-2.9,-2.8
135834.375,-2.7,-3.3
135835,-2.3,-3.9
135835.625,-2.1,-4.5
135836.25,-1.8,-4.7
135836.875,-1.9,-4.6
135837.5,-1.6,-4.2
135838.125,-1.3,-3.8
135838.75,-0.9,-3.5
135839.375,-0.7,-3
135840,-0.2,-2.4
135840.625,0.5,-1.8
135841.25,0.9,-1.4
135841.875,1,-1
135842.5,1.3,-0.6
135843.125,1.7,-0.5
135843.75,2.4,-0.6
135844.375,2.7,-0.7
135845,3.4,-1
135845.625,3.9,-1.2
135846.25,4.4,-1.3
135846.875,5.1,-1.4
135847.5,5.4,-1.8
135848.125,5.9,-2.1
135848.75,6,-2.2
135849.375,6.1,-2.3
135850,6,-2.6
135850.625,6.2,-3
135851.25,6.3,-3.3
135851.875,6.1,-3.6
135852.5,6.4,-3.9
135853.125,6.7,-4.2
135853.75,6.7,-4.1
135854.375,7.1,-3.9
135855,7.5,-3.6
135855.625,7.6,-3.1
135856.25,7,-2.8
135856.875,6.9,-2.5
135857.5,7,-2.1
135858.125,7.4,-1.4
135858.75,6.9,-0.6
135859.375,6.8,-0.4
135860,7,-0.9
135860.625,7.1,-1.3
135861.25,6.9,-1.7
135861.875,6.1,-1.8
135862.5,5.7,-1.9
135863.125,5.8,-1.9
135863.75,6.1,-1.8
135864.375,6.3,-1.7
135865,6.2,-1.9
135865.625,6,-2.5
135866.25,5.6,-3.3
135866.875,5,-4
135867.5,4.6,-4.4
135868.125,4.1,-4.7
135868.75,3.8,-4.8
135869.375,3.7,-4.8
135870,3.4,-4.6
135870.625,3,-4.1
135871.25,3.1,-3.8
135871.875,3.1,-3.4
135872.5,2.7,-3.2
135873.125,2.7,-2.9
135873.75,2.5,-2.8
135874.375,2,-2.8
135875,1.5,-2.8
135875.625,0.4,-2.6
135876.25,-0.3,-2.4
135876.875,-1.3,-2.2
135877.5,-2.1,-2
135878.125,-3,-1.9
135878.75,-4.1,-2
135879.375,-5.2,-2.4
135880,-6.5,-2.8
135880.625,-7.1,-3
135881.25,-7.9,-3.1
135881.875,-8.5,-3.1
135882.5,-8.6,-3.3
135883.125,-9.1,-3.5
135883.75,-9.1,-3.8
135884.375,-8.8,-4.2
135885,-7.9,-4.7
135885.625,-7.4,-5.1
135886.25,-6.8,-5.2
135886.875,-6.9,-5
135887.5,-6.7,-4.6
135888.125,-6.4,-4.3
135888.75,-6.2,-4.3
135889.375,-6.2,-4.3
135890,-6.4,-4.4
135890.625,-6.7,-4.4
135891.25,-6.5,-4.3
135891.875,-6.7,-4.2
135892.5,-7,-4
135893.125,-6.9,-3.9
135893.75,-7,-4
135894.375,-7.6,-4.2
135895,-7.8,-4.5
135895.625,-8.1,-4.9
135896.25,-8.3,-5.1
135896.875,-8.3,-5.2
135897.5,-8.7,-5.3
135898.125,-8.4,-5.4
135898.75,-8,-5.8
135899.375,-7.5,-6.7
135900,-7.3,-7.7
135900.625,-7.5,-8.7
135901.25,-8,-9.5
135901.875,-8.2,-10
135902.5,-8.5,-10.1
135903.125,-8.3,-9.9
135903.75,-8,-9.7
135904.375,-7.6,-9.5
135905,-7.1,-9.6
135905.625,-7.2,-9.9
135906.25,-7.2,-10
135906.875,-7.6,-9.8
135907.5,-7.7,-9.5
135908.125,-7.8,-9.3
135908.75,-7.5,-9.2
135909.375,-7.6,-9.3
135910,-7.5,-9.3
135910.625,-8.1,-9.4
135911.25,-8.4,-9.6
135911.875,-8.7,-9.9
135912.5,-8.6,-10.2
135913.125,-8.8,-10.7
135913.75,-8.7,-11.1
135914.375,-9.1,-11.5
135915,-9.1,-12
135915.625,-8.7,-12.8
135916.25,-8.9,-14
135916.875,-8.8,-15.1
135917.5,-8.8,-15.8
135918.125,-9.3,-16.4
135918.75,-10,-16.8
135919.375,-10.6,-16.9
135920,-11,-16.6
135920.625,-11.3,-16
135921.25,-11.4,-15.4
135921.875,-11.4,-15.2
135922.5,-11.7,-15.5
135923.125,-11.7,-16
135923.75,-11.8,-16.7
135924.375,-11.9,-16.8
135925,-12,-16.3
135925.625,-12.6,-15.6
135926.25,-12.7,-15.1
135926.875,-12.7,-14.7
135927.5,-12.2,-15
135928.125,-12.5,-15.8
135928.75,-12.6,-16.6
135929.375,-12.9,-16.9
135930,-13,-17
135930.625,-12.6,-17
135931.25,-12,-17
135931.875,-11,-17
135932.5,-10.8,-17.1
135933.125,-10.3,-17.8
135933.75,-9.9,-18.7
135934.375,-9.3,-19.5
135935,-9.4,-20
135935.625,-9.3,-20
135936.25,-8.7,-19.7
135936.875,-8.4,-19.4
135937.5,-7.9,-19.2
135938.125,-7.8,-19
135938.75,-8.2,-18.7
135939.375,-8.3,-18.4
135940,-8.4,-18.1
135940.625,-8.4,-17.7
135941.25,-8.5,-17.1
135941.875,-8.3,-16.5
135942.5,-8.1,-16.2
135943.125,-7.9,-16.1
135943.75,-7.3,-16.2
135944.375,-6.4,-16.3
135945,-6.4,-16.5
135945.625,-7,-16.5
135946.25,-7.5,-16.3
135946.875,-8.1,-16.4
135947.5,-7.9,-16.9
135948.125,-7.2,-17.5
135948.75,-6.7,-18.1
135949.375,-6.2,-18.5
135950,-6,-18.7
135950.625,-5.9,-18.8
135951.25,-5.4,-19.1
135951.875,-4.6,-19.1
135952.5,-4.2,-19.3
135953.125,-3.6,-19.3
135953.75,-3.4,-19.1
135954.375,-3.1,-19
135955,-2.9,-18.7
135955.625,-2.6,-18.1
135956.25,-1.9,-17.3
135956.875,-1.5,-16.9
135957.5,-1.1,-16.7
135958.125,-0.2,-16.4
135958.75,1.1,-16.1
135959.375,2.2,-15.5
135960,3.2,-14.8
135960.625,4.4,-14.2
135961.25,5.2,-13.9
135961.875,6.1,-14
135962.5,6.9,-14.3
135963.125,7.6,-14.6
135963.75,8.3,-15
135964.375,8.7,-15.4
135965,9.2,-15.9
135965.625,9.9,-16.3
135966.25,10.8,-16.3
135966.875,10.8,-16.2
135967.5,11.9,-16.3
135968.125,12.3,-16.8
135968.75,13.4,-17.3
135969.375,13.9,-17.7
135970,14.6,-17.9
135970.625,15.5,-18.1
135971.25,16,-18.5
135971.875,16.5,-18.4
135972.5,17.2,-18
135973.125,18.1,-17.4
135973.75,18.2,-16.6
135974.375,18.9,-16.2
135975,19.3,-16.1
135975.625,20.3,-16.2
135976.25,20.8,-16.7
135976.875,21.3,-17.1
135977.5,22,-17.2
135978.125,22.6,-17.4
135978.75,23.6,-17.5
135979.375,24.4,-17.4
135980,24.9,-17.4
135980.625,25.7,-17.2
135981.25,26.8,-16.9
135981.875,27.5,-16.1
135982.5,27.7,-15.4
135983.125,28.2,-14.8
135983.75,29.4,-14.4
135984.375,30.7,-14.4
135985,32,-15.2
135985.625,32.2,-16.4
135986.25,33,-17.3
135986.875,33.6,-17.8
135987.5,34.2,-18
135988.125,34.7,-17.5
135988.75,34.8,-16.4
135989.375,35.2,-14.9
135990,35.4,-13.6
135990.625,35.6,-13.2
135991.25,35.6,-13.2
135991.875,35.1,-13.3
135992.5,34.6,-13.5
135993.125,34.6,-13.4
135993.75,34.7,-13.1
135994.375,34.7,-12.6
135995,35.5,-12.1
135995.625,35.1,-11.7
135996.25,34.6,-11.6
135996.875,34.1,-11.8
135997.5,34.1,-12.1
135998.125,34.7,-12.4
135998.75,35.1,-12.3
135999.375,35.8,-11.9
136000,36.3,-11.4
136000.625,37.8,-11.2
136001.25,39,-11.6
136001.875,39.3,-12.3
136002.5,38.7,-12.7
136003.125,37.6,-12.5
136003.75,36.7,-12.1
136004.375,36.3,-11.5
136005,35.7,-11
136005.625,34.9,-10.6
136006.25,34.1,-9.9
136006.875,33.8,-9.2
136007.5,33.5,-8.6
136008.125,33.7,-8.2
136008.75,34.3,-8.4
136009.375,34.5,-8.8
136010,34.2,-9.1
136010.625,35,-9.4
136011.25,35.4,-9.8
136011.875,35.3,-10.4
136012.5,35.5,-10.9
136013.125,35.9,-10.9
136013.75,35.2,-10.6
136014.375,34.5,-10.2
136015,34.2,-10.1
136015.625,34.6,-10.3
136016.25,34.8,-10.5
136016.875,35,-10.6
136017.5,34.7,-10.3
136018.125,34.7,-9.9
136018.75,34.4,-9.5
136019.375,33.5,-9.2
136020,32.7,-8.6
136020.625,32.5,-8.3
136021.25,32.6,-8.4
136021.875,31.6,-8.7
136022.5,31.6,-8.8
136023.125,31.3,-8.4
136023.75,31.3,-8
136024.375,31,-7.5
136025,30.9,-7
136025.625,30.3,-6.6
136026.25,29.8,-6.4
136026.875,28.8,-6.1
136027.5,28.1,-5.9
136028.125,27.4,-5.6
136028.75,27.9,-5.6
136029.375,27.4,-5.7
136030,27.7,-5.6
136030.625,27.5,-5.5
136031.25,27.7,-5.8
136031.875,27.6,-6.4
136032.5,28,-7.1
136033.125,28.3,-7.7
136033.75,27.2,-8
136034.375,27,-8.1
136035,26.6,-8.3
136035.625,26.4,-8.7
136036.25,25.7,-9.1
136036.875,25.1,-9.2
136037.5,24,-9.3
136038.125,22.4,-9.3
136038.75,21,-9.1
136039.375,20.1,-8.6
136040,19,-7.7
136040.625,18.1,-6.6
136041.25,17.5,-5.6
136041.875,16.6,-4.9
136042.5,16.1,-4.2
136043.125,15.8,-3.9
136043.75,15.2,-3.7
136044.375,14.8,-3.6
136045,14.8,-3.7
136045.625,14.3,-4
136046.25,13.9,-4.2
136046.875,13.1,-4.4
136047.5,12.4,-4.4
136048.125,11,-4.2
136048.75,10.1,-4
136049.375,9.6,-4
136050,8.8,-3.9
136050.625,8,-3.9
136051.25,6.6,-3.7
136051.875,5.6,-3.6
136052.5,5.1,-3.6
136053.125,4.3,-3.9
136053.75,3.8,-4
136054.375,3.6,-3.9
136055,3.4,-3.7
136055.625,2.1,-3.3
136056.25,1.6,-2.8
136056.875,0.9,-2.5
136057.5,1.2,-2.6
136058.125,0.3,-2.8
136058.75,-0.5,-2.9
136059.375,-1.1,-2.7
136060,-2.1,-2.3
136060.625,-3.1,-1.9
136061.25,-3.7,-1.1
136061.875,-4.7,-0.6
136062.5,-5.6,-0.3
136063.125,-7,-0.6
136063.75,-8.7,-1.3
136064.375,-9.4,-1.8
136065,-10.4,-2
136065.625,-11.1,-2.1
136066.25,-11.4,-1.8
136066.875,-12,-1.6
136067.5,-12.3,-1.6
136068.125,-12.6,-1.9
136068.75,-13.3,-2.2
136069.375,-13.6,-2.4
136070,-14.3,-2.6
136070.625,-13.9,-2.5
136071.25,-13.7,-2.1
136071.875,-14.1,-1.5
136072.5,-14.5,-0.8
136073.125,-15.6,0
136073.75,-16.4,0.7
136074.375,-16.9,0.9
136075,-18.5,0.9
136075.625,-19,1
136076.25,-19.6,1
136076.875,-19.9,1
136077.5,-20.4,1.1
136078.125,-19.6,1.4
136078.75,-19.1,1.7
136079.375,-18.6,1.8
136080,-18.7,2.1
136080.625,-19.4,2.4
136081.25,-19,2.5
136081.875,-19.4,2.5
136082.5,-18.8,2.6
136083.125,-18.6,2.9
136083.75,-18.8,3.5
136084.375,-18.9,4.1
136085,-19.4,4.8
136085.625,-19.3,5.7
136086.25,-18.8,6.6
136086.875,-18.8,7.4
136087.5,-18.4,8.1
136088.125,-18.3,8.8
136088.75,-17.9,9.7
136089.375,-17.7,10.4
136090,-17.2,11.1
136090.625,-16.2,11.8
136091.25,-15.6,12.5
136091.875,-14.7,13.2
136092.5,-14.3,13.8
136093.125,-13.4,14.5
136093.75,-13.2,14.8
136094.375,-13.4,15
136095,-13.3,14.9
136095.625,-13.4,14.7
136096.25,-13.1,14.2
136096.875,-13.3,14
136097.5,-13.8,14
136098.125,-13.8,14.4
136098.75,-13.3,14.7
136099.375,-12.3,14.9
136100,-11.5,15
136100.625,-11.1,15
136101.25,-10.6,14.7
136101.875,-10.5,14.4
136102.5,-10.5,14.4
136103.125,-9.4,14.7
136103.75,-9.3,15.3
136104.375,-8.7,16
136105,-7.7,16.5
136105.625,-7.1,16.7
136106.25,-6.1,16.8
136106.875,-5.5,17
136107.5,-5.1,17.5
136108.125,-4.3,18.1
136108.75,-3.9,18.9
136109.375,-3.8,19.5
136110,-3.1,20
136110.625,-1.9,20.4
136111.25,-1.1,20.6
136111.875,-0.6,20.8
136112.5,0.4,21.2
136113.125,1.1,21.6
136113.75,1.6,22.2
136114.375,2.6,22.8
136115,4,23.7
136115.625,5.2,24.7
136116.25,6.9,25.7
136116.875,8.2,26.5
136117.5,8.8,27
136118.125,9.2,27.2
136118.75,9.2,27
136119.375,9.8,26.6
136120,10.1,26.2
136120.625,10.2,25.7
136121.25,10.8,25.3
136121.875,11.2,25.2
136122.5,11.3,25.2
136123.125,11.9,25.5
136123.75,12.4,26
136124.375,13.3,26.4
136125,13.9,26.7
136125.625,14.2,26.9
136126.25,15.1,26.9
136126.875,15.8,26.9
136127.5,16.2,26.9
136128.125,17.1,27
136128.75,17,26.9
136129.375,17.4,26.5
136130,18.5,26
136130.625,19.3,25.4
136131.25,19.8,24.9
136131.875,20.9,24.6
136132.5,21.1,24.4
136133.125,21.7,24.2
136133.75,22,23.9
136134.375,22.8,23.5
136135,22.8,23.1
136135.625,23.2,22.8
136136.25,24.2,22.6
136136.875,24.4,22.6
136137.5,25.3,22.5
136138.125,25.9,22.2
136138.75,26.9,22.2
136139.375,27,22.3
136140,27.7,22.6
136140.625,28.2,22.9
136141.25,29.2,23.2
136141.875,29.3,23.4
136142.5,29.9,23.4
136143.125,30.3,23.1
136143.75,30.7,22.7
136144.375,30.9,22.4
136145,31.5,22.1
136145.625,31.2,21.9
136146.25,31.6,21.7
136146.875,31.9,21.3
136147.5,33,20.8
136148.125,32.9,20.3
136148.75,33.5,19.9
136149.375,33.9,19.5
136150,34.3,19
136150.625,35.1,18.6
136151.25,35.2,18.2
136151.875,35.8,18.1
136152.5,36.4,18
136153.125,36.6,17.8
136153.75,36.6,17.6
136154.375,36.6,17.5
136155,36.4,17.8
136155.625,36.1,18.6
136156.25,36.5,19.5
136156.875,36.9,20.3
136157.5,37.1,20.7
136158.125,37.2,20.9
136158.75,37.2,21.1
136159.375,36.9,21.6
136160,36.4,22.3
136160.625,36.1,21.8
136161.25,36.6,19.9
136161.875,36.9,18.2
136162.5,36.1,16.8
136163.125,35.9,16
136163.75,35,15.6
136164.375,34.8,15.2
136165,34.6,14.5
136165.625,34.1,13.7
136166.25,33.5,13
136166.875,32.7,12.3
136167.5,31.9,11.7
136168.125,31.2,11.4
136168.75,30.4,11.4
136169.375,29.5,11.4
136170,28.5,11.4
136170.625,27.5,11.6
136171.25,26.6,12
136171.875,26.5,12.1
136172.5,26.3,12
136173.125,26.2,12
136173.75,25.1,12
136174.375,24.7,11.6
136175,23.3,11.5
136175.625,22.8,11.7
136176.25,22.3,11.7
136176.875,20.9,11.3
136177.5,19.4,10.8
136178.125,18.9,10.5
136178.75,18.4,9.9
136179.375,17.3,9.2
136180,16.9,8.5
136180.625,16.5,7.9
136181.25,16.2,7.1
136181.875,15.8,5.9
136182.5,14.6,5.1
136183.125,14.3,4.6
136183.75,14.8,3.9
136184.375,13.5,3.2
136185,13.1,3.1
136185.625,13.7,3.3
136186.25,13.4,3.2
136186.875,13,3
136187.5,12.3,2.8
136188.125,10.9,2.7
136188.75,10.2,2.5
136189.375,8.7,2.4
136190,8,2.3
136190.625,6.6,2.2
136191.25,5.3,1.6
136191.875,4.9,0.9
136192.5,4.6,0.5
136193.125,4.3,0.1
136193.75,4,-0.6
136194.375,3.6,-1.4
136195,3.3,-2.1
136195.625,2.7,-2.6
136196.25,1.3,-3
136196.875,0.6,-3.3
136197.5,0.2,-3.5
136198.125,-0.2,-4.1
136198.75,-1.3,-5
136199.375,-1.6,-5.8
136200,-1.9,-6.6
136200.625,-2.2,-7.6
136201.25,-2.5,-8.5
136201.875,-2,-8.8
136202.5,-2.2,-8.9
136203.125,-2.5,-9.4
136203.75,-2.8,-10.1
136204.375,-3.1,-10.4
136205,-3.4,-10.6
136205.625,-3.8,-10.8
136206.25,-4.2,-10.9
136206.875,-4.6,-10.5
136207.5,-5.1,-10.1
136208.125,-5.7,-10.2
136208.75,-7.1,-10.4
136209.375,-7.6,-10.8
136210,-8,-11.6
136210.625,-8.3,-12.6
136211.25,-8.5,-13.3
136211.875,-8.8,-13.8
136212.5,-9.3,-14.3
136213.125,-9.6,-15.1
136213.75,-9.8,-15.7
136214.375,-9.9,-16.2
136215,-10.1,-16.7
136215.625,-10.4,-17.4
136216.25,-10.7,-18
136216.875,-10.2,-18.6
136217.5,-10.4,-19.4
136218.125,-10.6,-20.2
136218.75,-9.9,-20.5
136219.375,-10.1,-20.7
136220,-10.4,-20.9
136220.625,-10.6,-20.3
136221.25,-10,-19.6
136221.875,-10.2,-19.1
136222.5,-10.5,-18.8
136223.125,-10.8,-18.2
136223.75,-11.1,-17.3
136224.375,-11.5,-16.6
136225,-11.8,-16.3
136225.625,-12.2,-15.9
136226.25,-11.6,-15.4
136226.875,-11.7,-15.2
136227.5,-11.8,-15.2
136228.125,-11.2,-15.4
136228.75,-11.4,-15.5
136229.375,-11.8,-15.6
136230,-12.1,-15.7
136230.625,-12.3,-15.3
136231.25,-11.8,-14.7
136231.875,-12,-14.3
136232.5,-12.3,-14.1
136233.125,-12.4,-14
136233.75,-12.6,-13.9
136234.375,-12.1,-14.2
136235,-12.3,-14.3
136235.625,-12.5,-14.2
136236.25,-12.6,-13.9
136236.875,-12,-13.7
136237.5,-12.2,-13.6
136238.125,-11.6,-13.3
136238.75,-11.8,-13.2
136239.375,-12.1,-13.1
136240,-12.4,-12.6
136240.625,-12.8,-11.7
136241.25,-13.1,-10.9
136241.875,-13.4,-10.2
136242.5,-12.7,-9.5
136243.125,-12.8,-9
136243.75,-13,-8.9
136244.375,-12.4,-9.1
136245,-12.5,-9
136245.625,-11.8,-8.6
136246.25,-12.1,-8.6
136246.875,-12.4,-8.6
136247.5,-12.9,-8.4
136248.125,-13.3,-8.1
136248.75,-13.8,-7.9
136249.375,-14.1,-7.6
136250,-14.4,-7.1
136250.625,-14.8,-6.9
136251.25,-15.3,-7
136251.875,-15.6,-7
136252.5,-16.8,-6.5
136253.125,-17.2,-6
136253.75,-17.4,-5.6
136254.375,-16.7,-5
136255,-16.7,-4.1
136255.625,-16,-3.4
136256.25,-16.2,-2.9
136256.875,-16.4,-2.4
136257.5,-16.6,-1.9
136258.125,-15.9,-1.7
136258.75,-15.9,-1.7
136259.375,-15.1,-1.4
136260,-15.1,-0.9
136260.625,-14.5,-0.4
136261.25,-14.7,0.1
136261.875,-14,0.7
136262.5,-14.1,1.3
136263.125,-13.5,1.8
136263.75,-13.8,2.4
136264.375,-13.9,2.8
136265,-13.2,3
136265.625,-13.2,3.4
136266.25,-12.5,3.9
136266.875,-12.6,4.2
136267.5,-12,4.4
136268.125,-12.1,4.7
136268.75,-12.3,5.2
136269.375,-11.7,5.6
136270,-11.9,5.8
136270.625,-12.1,6.1
136271.25,-11.5,6.3
136271.875,-11.6,6.4
136272.5,-10.9,6.2
136273.125,-11,6
136273.75,-11.3,5.7
136274.375,-10.7,5.4
136275,-10.9,5.1
136275.625,-11.1,4.9
136276.25,-10.5,4.9
136276.875,-10.8,4.9
136277.5,-11.2,4.8
136278.125,-11.5,4.9
136278.75,-11.7,4.9
136279.375,-11.9,4.9
136280,-11.3,4.8
136280.625,-11.5,4.7
136281.25,-11.7,4.5
136281.875,-11,4.3
136282.5,-11,4.2
136283.125,-11.1,4.3
136283.75,-10.5,4.3
136284.375,-10.7,4.5
136285,-10.8,5.2
136285.625,-10.2,6.1
136286.25,-10.2,6.8
136286.875,-9.5,7.3
136287.5,-9.6,7.8
136288.125,-8.9,8.1
136288.75,-8.9,8.3
136289.375,-8.2,8.5
136290,-8.4,9
136290.625,-7.8,9.6
136291.25,-8.1,10.1
136291.875,-8.3,10.7
136292.5,-7.8,11.3
136293.125,-8,11.7
136293.75,-8.4,11.7
136294.375,-8.7,11.5
136295,-8.8,11.4
136295.625,-8.3,11.5
136296.25,-8.4,11.8
136296.875,-8.7,12.3
136297.5,-9,13.2
136298.125,-9.3,14
136298.75,-9.5,14.5
136299.375,-9,14.9
136300,-9.2,15
136300.625,-9.4,15.1
136301.25,-8.9,15.1
136301.875,-9.1,15.2
136302.5,-9.4,15.1
136303.125,-9.7,14.7
136303.75,-10.1,14.2
136304.375,-10.5,14.1
136305,-10.8,14.3
136305.625,-11,14.5
136306.25,-11.1,14.8
136306.875,-11.3,15.2
136307.5,-10.6,15.3
136308.125,-9.7,15.2
136308.75,-8.8,15.1
136309.375,-8.8,15.1
136310,-9.2,15.1
136310.625,-9.6,15.1
136311.25,-9.2,15.1
136311.875,-9.6,14.9
136312.5,-9.9,14.3
136313.125,-10.3,13.8
136313.75,-10.7,13.5
136314.375,-11,13.4
136315,-11.4,13.1
136315.625,-11.6,12.6
136316.25,-11.9,12.6
136316.875,-12.1,12.8
136317.5,-12.3,13
136318.125,-12.5,13
136318.75,-11.9,13.1
136319.375,-12.1,12.9
136320,-12.3,12.4
136320.625,-12.6,11.8
136321.25,-11.9,11.5
136321.875,-12,11.2
136322.5,-12.1,10.8
136323.125,-11.5,10.7
136323.75,-11.8,11
136324.375,-11.9,11.4
136325,-11,11.9
136325.625,-10.2,12.5
136326.25,-10.2,13.2
136326.875,-9.6,13.5
136327.5,-9.8,13.6
136328.125,-9.3,13.5
136328.75,-9.6,13.5
136329.375,-10,13.7
136330,-10.3,14.1
136330.625,-10.7,14.6
136331.25,-10.9,15.1
136331.875,-10.1,15.5
136332.5,-10,16
136333.125,-10.2,16.5
136333.75,-9.7,17
136334.375,-10,17.1
136335,-10.2,17.3
136335.625,-10.4,17.7
136336.25,-9.9,18.1
136336.875,-10.2,18.4
136337.5,-10.3,18.5
136338.125,-9.8,18.6
136338.75,-9.9,18.4
136339.375,-10.2,18.3
136340,-10.6,18.2
136340.625,-10.9,18.2
136341.25,-11,17.9
136341.875,-10.2,17.7
136342.5,-10.3,17.8
136343.125,-10.5,18.1
136343.75,-10.7,17.8
136344.375,-9.9,17.2
136345,-9.1,16.6
136345.625,-9.2,16
136346.25,-8.5,15.4
136346.875,-8.7,14.9
136347.5,-8.2,14.7
136348.125,-8.3,14.7
136348.75,-7.7,14.3
136349.375,-8,13.9
136350,-9.1,13.6
136350.625,-9.5,13.2
136351.25,-9,12.9
136351.875,-9,12.6
136352.5,-8.3,12.2
136353.125,-8.4,11.5
136353.75,-8.6,10.6
136354.375,-9.1,9.9
136355,-8.7,9.6
136355.625,-8.8,9.2
136356.25,-9.1,8.4
136356.875,-9.4,7.6
136357.5,-9.8,6.8
136358.125,-10.1,6
136358.75,-10.3,5.2
136359.375,-10.6,4.7
136360,-10,4.4
136360.625,-10.2,3.9
136361.25,-10.4,3.5
136361.875,-9.7,2.9
136362.5,-9.6,2
136363.125,-8.8,1.2
136363.75,-9,0.8
136364.375,-9.3,0.6
136365,-9.6,0.4
136365.625,-9,0.4
136366.25,-8.9,0.8
136366.875,-8,1
136367.5,-7.3,0.7
136368.125,-7.4,0.4
136368.75,-6.9,0.2
136369.375,-7.2,-0.1
136370,-7.5,-0.6
136370.625,-7.8,-1.1
136371.25,-8.1,-1.5
136371.875,-8.4,-2
136372.5,-8.6,-2.5
136373.125,-8.8,-2.8
136373.75,-8,-3.2
136374.375,-7.1,-3.9
136375,-7,-4.6
136375.625,-6.2,-5
136376.25,-5.6,-5.5
136376.875,-5.6,-6.1
136377.5,-5,-6.7
136378.125,-5.3,-7.1
136378.75,-5.7,-7.4
136379.375,-6.1,-7.9
136380,-5.7,-8.7
136380.625,-6,-9.9
136381.25,-7.1,-11.6
136381.875,-7.6,-13.6
136382.5,-7.9,-15
136383.125,-7.3,-15.8
136383.75,-7.4,-16.5
136384.375,-6.6,-17.5
136385,-6.8,-18.1
136385.625,-7.1,-18.5
136386.25,-7.6,-18.9
136386.875,-7.7,-19.5
136387.5,-7.7,-19.8
136388.125,-6.9,-19.7
136388.75,-7,-19.7
136389.375,-6.3,-20
136390,-6.5,-20.7
136390.625,-5.7,-21.8
136391.25,-5,-23.1
136391.875,-5.2,-24.2
136392.5,-5.6,-24.8
136393.125,-6,-25.3
136393.75,-6.4,-26
136394.375,-6.8,-26.6
136395,-7.1,-27.4
136395.625,-7.3,-28.5
136396.25,-6.7,-29.9
136396.875,-6.7,-30.9
136397.5,-6.8,-31.5
136398.125,-6.3,-32.1
136398.75,-6.5,-32.7
136399.375,-6.8,-33.1
136400,-7,-33.5
136400.625,-7.3,-34.2
136401.25,-7.4,-34.8
136401.875,-6.6,-35.1
136402.5,-5.7,-35.2
136403.125,-5.6,-35.5
136403.75,-4.8,-35.9
136404.375,-3.9,-36
136405,-4,-36.2
136405.625,-3.2,-36.9
136406.25,-2.5,-37.8
136406.875,-2.5,-38.5
136407.5,-2,-39.5
136408.125,-2.1,-40.7
136408.75,-2.4,-41.7
136409.375,-1.9,-42.4
136410,-2,-43.1
136410.625,-2.2,-43.8
136411.25,-1.4,-44.6
136411.875,-1.6,-45.2
136412.5,-0.9,-46.1
136413.125,-1,-47
136413.75,-0.4,-47.6
136414.375,-0.8,-47.8
136415,-1.1,-48.1
136415.625,-1.4,-48.5
136416.25,-0.7,-48.8
136416.875,-0.9,-49.4
136417.5,-1.2,-50.5
136418.125,-1.4,-51.9
136418.75,-1.5,-53.3
136419.375,-0.7,-54.4
136420,-0.6,-55.3
136420.625,0.2,-55.6
136421.25,1.2,-55.3
136421.875,2.2,-54.9
136422.5,2,-54.8
136423.125,2.6,-54.9
136423.75,2.2,-55.2
136424.375,2.8,-55.9
136425,2.7,-56.9
136425.625,2.5,-57.7
136426.25,3.2,-58.2
136426.875,3,-58.8
136427.5,2.8,-59.6
136428.125,2.7,-60.3
136428.75,3.4,-61.1
136429.375,3.5,-62.1
136430,4.3,-63.1
136430.625,5.1,-63.7
136431.25,5.3,-64
136431.875,6.2,-64.1
136432.5,7.2,-64
136433.125,8.1,-63.7
136433.75,9,-63.5
136434.375,10,-63.6
136435,10.8,-63.6
136435.625,10.9,-63.5
136436.25,11.7,-63.4
136436.875,12.4,-63.6
136437.5,13.3,-63.8
136438.125,14.2,-64
136438.75,14.1,-64.3
136439.375,14.7,-64.9
136440,14.7,-65.5
136440.625,15.4,-66.2
136441.25,15.4,-67
136441.875,16.2,-67.7
136442.5,17,-68
136443.125,17.9,-68.3
136443.75,17.9,-68.7
136444.375,18.7,-69.2
136445,19.4,-69.4
136445.625,20.2,-69.7
136446.25,20,-70.5
136446.875,19.8,-71.2
136447.5,19.5,-71.5
136448.125,19.4,-71.3
136448.75,20.3,-71
136449.375,21.2,-70.6
136450,22.3,-70.2
136450.625,23.2,-70
136451.25,24.1,-70
136451.875,24.8,-70
136452.5,25.5,-69.9
136453.125,26.1,-69.4
136453.75,26.5,-68.5
136454.375,26.1,-67.5
136455,26.5,-66.4
136455.625,26.8,-65.7
136456.25,27.2,-65.7
136456.875,27.5,-66
136457.5,28,-66.6
136458.125,29.2,-67
136458.75,29.7,-67.2
136459.375,30.7,-67.2
136460,30.7,-66.7
136460.625,30.7,-65.6
136461.25,32.5,-64.6
136461.875,33.6,-64.5
136462.5,35.4,-64.8
136463.125,36.4,-65
136463.75,37.8,-65.1
136464.375,38.1,-64.8
136465,39.3,-64.2
136465.625,40.7,-63.1
136466.25,42.8,-62
136466.875,44.7,-60.9
136467.5,45.6,-59.8
136468.125,46.3,-58.6
136468.75,47.4,-57.4
136469.375,47.8,-56.3
136470,49.1,-55.4
136470.625,51.1,-54.8
136471.25,52.1,-54.2
136471.875,53.1,-53.4
136472.5,54.7,-52.5
136473.125,56.2,-51.6
136473.75,57.4,-50.9
136474.375,59.3,-50.2
136475,60.4,-49.4
136475.625,61.9,-48.6
136476.25,63.3,-47.8
136476.875,64.5,-47.2
136477.5,65.6,-46.7
136478.125,66.4,-46.4
136478.75,67.9,-46
136479.375,69.4,-45.2
136480,70.8,-43.9
136480.625,72.8,-42.3
136481.25,73.6,-40.5
136481.875,74.7,-38.8
136482.5,74.8,-37.5
136483.125,75.5,-36.3
136483.75,76.2,-35.1
136484.375,77.6,-34.1
136485,77.9,-32.8
136485.625,78.6,-31.5
136486.25,78.4,-30
136486.875,79.7,-28.4
136487.5,81.1,-27
136488.125,83,-25.6
136488.75,83.7,-24.3
136489.375,85,-23.2
136490,85.9,-22
136490.625,86.4,-20.9
136491.25,86.7,-19.9
136491.875,87.6,-19
136492.5,88.4,-18.2
136493.125,88.8,-17.7
136493.75,89.9,-17.4
136494.375,90.9,-17.1
136495,91.7,-16.6
136495.625,92.8,-15.7
136496.25,93.8,-14.5
136496.875,95.3,-13.2
136497.5,96.4,-11.9
136498.125,97.3,-10.7
136498.75,98.6,-9.7
136499.375,99.5,-8.9
136500,100,-8
136500.625,100.1,-6.9
136501.25,99.9,-5.8
136501.875,100.1,-4.6
136502.5,99.3,-3.4
136503.125,99.7,-2.2
136503.75,100.2,-1.3
136504.375,100.5,-0.4
136505,101.1,0.7
136505.625,102.3,1.9
136506.25,103.1,2.8
136506.875,103.7,3.7
136507.5,104.7,4.2
136508.125,105.2,4.6
136508.75,106.1,4.9
136509.375,106.7,5.3
136510,106.9,5.9
136510.625,107.6,6.7
136511.25,107.8,7.6
136511.875,107.7,8.6
136512.5,107.9,9.7
136513.125,107.9,10.6
136513.75,108.3,11.1
136514.375,108.4,11.6
136515,108.8,12.2
136515.625,108.8,13.1
136516.25,109.2,14.3
136516.875,109.3,15.7
136517.5,109.8,16.9
136518.125,110,18.1
136518.75,110.5,18.8
136519.375,110.5,19.5
136520,110,20.3
136520.625,109.9,21
136521.25,109.4,21.9
136521.875,110.1,23.2
136522.5,109.7,24.4
136523.125,110.5,25.4
136523.75,110.9,26.1
136524.375,110.7,26.6
136525,110.7,26.8
136525.625,110.3,26.5
136526.25,109.5,26.3
136526.875,109.9,26.5
136527.5,108.9,26.9
136528.125,109.2,27.2
136528.75,109.1,27.5
136529.375,109.4,28.2
136530,110.1,28.8
136530.625,110.2,29.2
136531.25,109.7,29.6
136531.875,109.4,30.1
136532.5,109.3,30.4
136533.125,108.8,30.4
136533.75,107.8,30.6
136534.375,108.1,30.8
136535,107.8,30.8
136535.625,107,30.8
136536.25,106.4,31.1
136536.875,106.2,31.2
136537.5,106.3,31.2
136538.125,106.8,30.9
136538.75,107.7,30.6
136539.375,107.8,30.4
136540,107.1,30.4
136540.625,105.9,30.6
136541.25,105.6,31
136541.875,104.9,30.9
136542.5,103.7,30.3
136543.125,103.4,29.8
136543.75,101.8,29.5
136544.375,101.2,29.6
136545,100.1,29.5
136545.625,99.3,29.3
136546.25,98.7,29.3
136546.875,98.4,29
136547.5,98.4,28.5
136548.125,97.9,27.7
136548.75,98.4,26.6
136549.375,98.2,25.3
136550,97.2,24
136550.625,97.3,23.4
136551.25,96.8,23.2
136551.875,96.4,22.8
136552.5,96.4,22.2
136553.125,95.7,22.2
136553.75,96.1,22.4
136554.375,95.7,22.4
136555,95.5,22.6
136555.625,95.4,23.1
136556.25,95.5,23.6
136556.875,94.9,23.6
136557.5,95.4,23.4
136558.125,95.1,22.8
136558.75,95,21.8
136559.375,94.1,20.4
136560,94.1,19.1
136560.625,93.6,18.2
136561.25,93,17.4
136561.875,92.7,16.8
136562.5,91.5,16.2
136563.125,90.7,15.9
136563.75,90,15.6
136564.375,90.3,15.2
136565,90,15.2
136565.625,89.8,15.1
136566.25,88.9,14.6
136566.875,88.9,13.7
136567.5,88.2,12.9
136568.125,87.7,12.4
136568.75,87.3,11.9
136569.375,87.2,11.3
136570,88.1,10.9
136570.625,87.3,10.7
136571.25,86.6,10.4
136571.875,86,10
136572.5,85.6,9.5
136573.125,85.3,8.8
136573.75,85.2,7.8
136574.375,85.2,6.7
136575,85.4,5.8
136575.625,83.8,4.9
136576.25,82.3,4.1
136576.875,81.8,3.8
136577.5,80.7,4
136578.125,80.7,4.3
136578.75,81,4.7
136579.375,80.6,4.6
136580,81.1,4.3
136580.625,80.8,4
136581.25,80.5,3.4
136581.875,80.4,2.8
136582.5,80.3,2.2
136583.125,79.5,1.6
136583.75,78.8,0.8
136584.375,78.3,0
136585,76.8,-1.1
136585.625,75.4,-2.2
136586.25,74.2,-2.8
136586.875,73.2,-2.9
136587.5,72.5,-3.1
136588.125,70.9,-3.7
136588.75,70.4,-4
136589.375,69.2,-4.3
136590,69.1,-4.9
136590.625,69.1,-6
136591.25,68.3,-6.6
136591.875,68.5,-6.7
136592.5,67.9,-6.9
136593.125,68.4,-7.4
136593.75,68,-7.9
136594.375,67.8,-8.5
136595,66.6,-9.2
136595.625,65.6,-10
136596.25,64.7,-10.7
136596.875,63.9,-11.5
136597.5,63.3,-12.4
136598.125,62.8,-13.5
136598.75,62.3,-14.2
136599.375,61,-14.6
136600,58.9,-15.1
136600.625,56.9,-15.7
136601.25,55.9,-16.1
136601.875,54.2,-17
136602.5,52.6,-18.2
136603.125,52.2,-18.8
136603.75,51.9,-19.3
136604.375,50.8,-19.8
136605,48.7,-19.9
136605.625,46.6,-19.7
136606.25,45.6,-19.3
136606.875,44.9,-19.3
136607.5,43.4,-19.7
136608.125,42.9,-19.9
136608.75,41.6,-20
136609.375,39.4,-20.2
136610,38.2,-20.4
136610.625,37.2,-20.3
136611.25,36.3,-20.5
136611.875,35.6,-21.2
136612.5,34,-21.9
136613.125,33.3,-22.1
136613.75,31.9,-22.2
136614.375,30.6,-22.4
136615,29.3,-22.7
136615.625,27.3,-22.6
136616.25,26.3,-22.6
136616.875,25.4,-22.7
136617.5,23.7,-22.9
136618.125,23,-22.9
136618.75,21.5,-22.9
136619.375,20,-22.8
136620,18.7,-22.4
136620.625,16.6,-21.9
136621.25,15.5,-21.7
136621.875,14.5,-21.7
136622.5,12.7,-21.7
136623.125,11.9,-21.7
136623.75,10.3,-21.9
136624.375,9.8,-22.2
136625,8.4,-22.4
136625.625,8,-22.8
136626.25,6.7,-23.2
136626.875,5.6,-23.3
136627.5,4.6,-23
136628.125,3.7,-22.6
136628.75,1.9,-22.3
136629.375,1.1,-21.8
136630,0.5,-21.2
136630.625,-1,-20.7
136631.25,-1.5,-20.7
136631.875,-2.9,-20.8
136632.5,-4.1,-20.6
136633.125,-5.3,-20.5
136633.75,-7.3,-20.6
136634.375,-8.2,-20.6
136635,-9.1,-20.5
136635.625,-9.9,-20.5
136636.25,-11.5,-20.5
136636.875,-12.1,-20
136637.5,-13.6,-19.5
136638.125,-15,-19.2
136638.75,-16.3,-19
136639.375,-17.5,-18.8
136640,-18.6,-18.5
136640.625,-19.6,-18
136641.25,-20.5,-17.4
136641.875,-21.3,-16.7
136642.5,-22,-16.1
136643.125,-22.7,-15.6
136643.75,-23.3,-15.3
136644.375,-24.7,-14.9
136645,-25.1,-14.5
136645.625,-25.5,-14.1
136646.25,-26.7,-13.7
136646.875,-26.9,-13.2
136647.5,-27.9,-12.9
136648.125,-28.9,-12.7
136648.75,-30.7,-12.5
136649.375,-31.5,-12.1
136650,-32.2,-11.8
136650.625,-32.7,-11.8
136651.25,-32.3,-11.7
136651.875,-32.6,-11.7
136652.5,-32,-12
136653.125,-32.2,-12.2
136653.75,-32.5,-12.3
136654.375,-32.6,-12
136655,-32.8,-11.6
136655.625,-32.7,-11
136656.25,-32.7,-10.3
136656.875,-33.5,-9.8
136657.5,-34.3,-9.3
136658.125,-34,-9
136658.75,-33.6,-8.7
136659.375,-34.2,-8.7
136660,-34.7,-8.9
136660.625,-36,-9
136661.25,-36.3,-8.8
136661.875,-36.6,-8.4
136662.5,-36.8,-8
136663.125,-36.8,-7.8
136663.75,-36.7,-7.7
136664.375,-36.7,-7.9
136665,-36.6,-8.2
136665.625,-36.4,-8.1
136666.25,-36.2,-7.6
136666.875,-35.9,-7.1
136667.5,-35.5,-6.6
136668.125,-36,-5.8
136668.75,-35.6,-5.1
136669.375,-36,-5
136670,-36.3,-5.2
136670.625,-36.6,-5.5
136671.25,-36.8,-5.6
136671.875,-36,-5.4
136672.5,-36.1,-4.9
136673.125,-36.1,-4.2
136673.75,-36.1,-3.4
136674.375,-36.9,-2.9
136675,-36.8,-2.7
136675.625,-37.6,-2.5
136676.25,-37.3,-2.6
136676.875,-37,-3
136677.5,-37.5,-3.3
136678.125,-37,-3
136678.75,-37.5,-2.3
136679.375,-37,-1.6
136680,-37.3,-1
136680.625,-36.7,-0.4
136681.25,-36.9,-0.2
136681.875,-38.1,-0.1
136682.5,-38.3,0.2
136683.125,-39.4,0.5
136683.75,-39.4,0.6
136684.375,-39.3,0.5
136685,-39.2,0.5
136685.625,-40,0.5
136686.25,-39.8,0.4
136686.875,-40.5,0.2
136687.5,-41.2,0.3
136688.125,-40.8,0.6
136688.75,-41.3,0.7
136689.375,-40.8,0.6
136690,-40.2,0.8
136690.625,-39.6,1
136691.25,-40,0.9
136691.875,-40.3,1
136692.5,-39.6,1.2
136693.125,-39.8,1.2
136693.75,-38.9,1.1
136694.375,-38.9,1.2
136695,-37.9,1.4
136695.625,-36.9,1.4
136696.25,-36.9,1.4
136696.875,-36.8,1.6
136697.5,-36.6,1.7
136698.125,-35.4,1.4
136698.75,-35.2,0.7
136699.375,-34.9,0.1
136700,-34.5,-0.2
136700.625,-34.2,-0.2
136701.25,-33.8,0.3
136701.875,-34.3,0.8
136702.5,-33.8,0.8
136703.125,-34.3,0.6
136703.75,-34.6,0.8
136704.375,-35,1.3
136705,-35.2,1.7
136705.625,-34.5,1.7
136706.25,-34.7,2
136706.875,-32.8,2.6
136707.5,-31.9,2.8
136708.125,-32,2.5
136708.75,-32,2
136709.375,-32.1,1.5
136710,-32,1
136710.625,-31.9,0.6
136711.25,-31.8,0.5
136711.875,-32.6,1
136712.5,-32.4,1.8
136713.125,-32.2,2.6
136713.75,-30.9,3.1
136714.375,-31.5,3.6
136715,-32.2,3.8
136715.625,-32.8,3.7
136716.25,-32.3,3.6
136716.875,-31.9,3.7
136717.5,-32.3,3.9
136718.125,-32.7,4.2
136718.75,-32.1,4.8
136719.375,-32.4,5.3
136720,-31.7,5.6
136720.625,-31,5.4
136721.25,-31.2,5.1
136721.875,-30.4,4.5
136722.5,-30.6,3.7
136723.125,-30.7,2.9
136723.75,-29.8,2.3
136724.375,-29.9,1.9
136725,-29.9,1.8
136725.625,-28.8,1.9
136726.25,-28.8,2.5
136726.875,-28.7,3.3
136727.5,-28.6,3.9
136728.125,-27.4,4.4
136728.75,-27.2,5
136729.375,-26,5.3
136730,-25.7,5.2
136730.625,-24.4,5.1
136731.25,-24.1,4.9
136731.875,-23.8,4.5
136732.5,-24.4,4
136733.125,-24,3.8
136733.75,-24.6,4.1
136734.375,-25.1,4.6
136735,-24.5,5.3
136735.625,-25,6
136736.25,-24.4,6.4
136736.875,-24.8,6.5
136737.5,-24.1,6.2
136738.125,-23.4,6.1
136738.75,-23.7,6.1
136739.375,-24,6.3
136740,-23.2,6.7
136740.625,-22.4,7.3
136741.25,-22.6,7.6
136741.875,-21.7,7.7
136742.5,-21.8,7.6
136743.125,-21.9,7.4
136743.75,-22,7.1
136744.375,-21,7
136745,-21,7.3
136745.625,-21,7.9
136746.25,-21.9,8.6
136746.875,-22.8,9.2
136747.5,-23.7,9.7
136748.125,-23.6,9.8
136748.75,-24.4,9.5
136749.375,-24.2,9.2
136750,-24.9,9.2
136750.625,-24.6,9.5
136751.25,-24.4,9.5
136751.875,-24,9.3
136752.5,-24.7,9.2
136753.125,-25.3,8.9
136753.75,-25.9,8.7
136754.375,-26.5,8.9
136755,-26,9.5
136755.625,-26.5,10.4
136756.25,-26,11
136756.875,-26.5,11.1
136757.5,-26.9,11.1
136758.125,-27.3,10.8
136758.75,-27.7,10.5
136759.375,-27.1,10.5
136760,-27.4,10.8
136760.625,-27.7,11.2
136761.25,-28,11.5
136761.875,-28.2,12.3
136762.5,-28.5,13.2
136763.125,-28.7,13.8
136763.75,-28.8,13.9
136764.375,-29,13.7
136765,-28.1,13.6
136765.625,-29.2,13.3
136766.25,-29.3,13.1
136766.875,-29.3,13.5
136767.5,-29.4,14.1
136768.125,-29.4,14.5
136768.75,-29.4,14.8
136769.375,-30.3,15.1
136770,-30.2,15.4
136770.625,-31.1,15.4
136771.25,-32,15.4
136771.875,-31.9,15.8
136772.5,-31.7,16.1
136773.125,-30.5,16.3
136773.75,-30.3,16.3
136774.375,-30,15.9
136775,-30.8,15.3
136775.625,-31.5,14.7
136776.25,-31.1,14.6
136776.875,-30.8,14.8
136777.5,-30.4,15.2
136778.125,-30,15.6
136778.75,-30.6,16.1
136779.375,-30.2,16.6
136780,-29.7,16.9
136780.625,-29.3,16.9
136781.25,-28.7,16.9
136781.875,-28.2,16.9
136782.5,-27.7,16.7
136783.125,-27.1,16.3
136783.75,-26.5,16.1
136784.375,-26.9,16
136785,-26.2,15.9
136785.625,-26.5,15.8
136786.25,-25.8,15.9
136786.875,-25.1,15.8
136787.5,-24.4,15.7
136788.125,-23.6,15.5
136788.75,-21.8,15.3
136789.375,-21,15
136790,-20.2,15
136790.625,-19.3,15.2
136791.25,-18.4,15.5
136791.875,-17.5,15.6
136792.5,-17.6,15.4
136793.125,-17.6,15.5
136793.75,-16.6,15.7
136794.375,-16.6,15.3
136795,-15.6,14.9
136795.625,-15.6,14.9
136796.25,-15.5,15
136796.875,-14.4,15
136797.5,-14.2,14.7
136798.125,-14,14.2
136798.75,-13.7,14.1
136799.375,-12.4,13.8
136800,-12,13.3
136800.625,-10.5,12.8
136801.25,-9,12.1
136801.875,-8.3,11.2
136802.5,-7.6,9.8
136803.125,-6.8,8.7
136803.75,-5.9,7.8
136804.375,-5.9,7.1
136805,-5.7,6.9
136805.625,-5.5,6.9
136806.25,-5.1,6.8
136806.875,-4.6,6.1
136807.5,-4,5.3
136808.125,-4.2,3.4
136808.75,-2.3,1.4
136809.375,-2.3,0.1
136810,-1,-0.4
136810.625,0.3,0.1
136811.25,0.9,1.2
136811.875,0.6,1.9
136812.5,0.5,1.8
136813.125,-0.4,1.2
136813.75,-1.1,0.1
136814.375,-1.7,-0.7
136815,-1,-0.6
136815.625,-1.1,-0.4
136816.25,-1.1,0.2
136816.875,-0.8,1
136817.5,-0.3,2.1
136818.125,0.5,2.9
136818.75,1.5,3.9
136819.375,1.7,4.8
136820,2.2,5
136820.625,2.9,4.2
136821.25,2.9,3.4
136821.875,3.1,2.5
136822.5,3.6,1.4
136823.125,4.4,0.3
136823.75,5.5,-0.5
136824.375,5.8,-1
136825,6.5,-1.8
136825.625,6.4,-2.4
136826.25,6.7,-2.4
136826.875,7.2,-2
136827.5,7.1,-1.5
136828.125,8.2,-0.5
136828.75,8.7,0.6
136829.375,9.6,1.8
136830,9.7,2.7
136830.625,10.2,3.3
136831.25,11.1,3.5
136831.875,11.3,2.9
136832.5,11.9,1.9
136833.125,11.8,1.4
136833.75,12.1,1.2
136834.375,12.8,1
136835,12.8,1
136835.625,13.2,1.4
136836.25,14.1,1.7
136836.875,14.3,1.8
136837.5,13.9,1.7
136838.125,15,1.5
136838.75,15.4,1.4
136839.375,15.3,1.3
136840,15.5,1.6
136840.625,16.3,2.1
136841.25,17.4,2.4
136841.875,18,2.5
136842.5,18.1,3
136843.125,18.6,3.6
136843.75,19.5,3.7
136844.375,20,3.4
136845,19.9,3.2
136845.625,20.2,3
136846.25,20.1,2.6
136846.875,20.4,2.4
136847.5,20.3,2.6
136848.125,20.6,2.9
136848.75,20.4,2.9
136849.375,20.7,3
136850,20.6,3.1
136850.625,20.9,2.9
136851.25,20.8,2.4
136851.875,20.3,2
136852.5,20.2,1.9
136853.125,20.7,1.9
136853.75,20.8,1.8
136854.375,20.4,1.9
136855,20.5,2.2
136855.625,20.2,2.5
136856.25,20.5,2.7
136856.875,20.4,3
136857.5,19.8,2.9
136858.125,19.8,2.8
136858.75,19.5,2.9
136859.375,19.7,3.2
136860,19.5,3.5
136860.625,19.9,3.7
136861.25,20,4
136861.875,20.6,4.4
136862.5,19.9,4.6
136863.125,19.8,4.4
136863.75,19.4,4.3
136864.375,19.6,4.3
136865,19.5,4.2
136865.625,18.9,3.9
136866.25,19.1,3.6
136866.875,17.9,3.4
136867.5,18.4,3.4
136868.125,17.6,3.4
136868.75,18.4,3.5
136869.375,17.9,3.4
136870,17.1,3
136870.625,17,2.6
136871.25,17.6,2.6
136871.875,17,2.7
136872.5,17,2.4
136873.125,16.8,2.1
136873.75,16.2,1.9
136874.375,16.4,1.9
136875,15.4,1.6
136875.625,15.1,1.3
136876.25,15.5,1.1
136876.875,15.7,1
136877.5,15.6,0.8
136878.125,15.3,0.7
136878.75,14.8,0.6
136879.375,15,0.6
136880,14.1,0.7
136880.625,13.9,0.9
136881.25,13.5,0.9
136881.875,13.8,0.7
136882.5,13,0.3
136883.125,12,0.2
136883.75,11.8,0.3
136884.375,11.4,0.3
136885,10.9,0.1
136885.625,11.2,-0.1
136886.25,11.3,-0.2
136886.875,11.2,-0.5
136887.5,11,-0.7
136888.125,10.7,-0.7
136888.75,11.2,-0.6
136889.375,10.6,-0.7
136890,10.8,-0.7
136890.625,9.9,-0.5
136891.25,9.9,-0.4
136891.875,9.8,-0.8
136892.5,9.5,-1.3
136893.125,9.2,-1.3
136893.75,8.7,-1.1
136894.375,7.2,-0.9
136895,7.5,-0.5
136895.625,6.8,-0.1
136896.25,6,0
136896.875,6.2,-0.4
136897.5,5.3,-0.7
136898.125,4.2,-0.9
136898.75,4.2,-1
136899.375,3.1,-1.3
136900,1.9,-1.2
136900.625,1.7,-0.9
136901.25,1.5,-0.6
136901.875,1.2,-0.3
136902.5,1,0.1
136903.125,-0.3,0
136903.75,-0.6,-0.6
136904.375,-1.9,-1.5
136905,-2.3,-1.8
136905.625,-1.8,-2.3
136906.25,-2.2,-2.9
136906.875,-3.5,-3.2
136907.5,-3.8,-3.3
136908.125,-4.1,-3.4
136908.75,-4.4,-3.2
136909.375,-4.7,-2.9
136910,-5,-2.8
136910.625,-5.3,-3.1
136911.25,-5.7,-3.3
136911.875,-6,-3.5
136912.5,-6.3,-3.8
136913.125,-6.6,-4
136913.75,-6.9,-4.2
136914.375,-8.2,-4.7
136915,-8.6,-5.2
136915.625,-8.9,-5.3
136916.25,-9.2,-5.2
136916.875,-8.5,-5.2
136917.5,-9.8,-5.1
136918.125,-10.2,-4.7
136918.75,-10.5,-4.5
136919.375,-11.8,-4.5
136920,-12.1,-4.8
136920.625,-12.4,-5.1
136921.25,-12.7,-5.4
136921.875,-13,-5.7
136922.5,-13.4,-5.7
136923.125,-13.7,-5.4
136923.75,-13,-5.2
136924.375,-13.3,-5.4
136925,-12.6,-5.5
136925.625,-12.9,-5.6
136926.25,-13.2,-5.8
136926.875,-13.5,-6.2
136927.5,-13.9,-6.5
136928.125,-14.2,-6.7
136928.75,-14.5,-6.9
136929.375,-14.8,-7.1
136930,-15.1,-7.2
136930.625,-14.5,-7.2
136931.25,-14.8,-7.1
136931.875,-15.1,-7
136932.5,-15.4,-6.9
136933.125,-15.7,-7
136933.75,-15,-7.2
136934.375,-15.3,-7.2
136935,-14.6,-7
136935.625,-14.9,-7
136936.25,-14.2,-6.9
136936.875,-14.6,-6.7
136937.5,-13.9,-6.5
136938.125,-14.2,-6.7
136938.75,-13.5,-6.8
136939.375,-12.8,-6.9
136940,-13.1,-7
136940.625,-13.4,-6.9
136941.25,-13.7,-6.7
136941.875,-14.1,-6.5
136942.5,-13.4,-6.7
136943.125,-13.7,-6.8
136943.75,-14,-6.7
136944.375,-14.3,-6.4
136945,-14.6,-6.3
136945.625,-15,-6.1
136946.25,-15.3,-6.1
136946.875,-15.6,-6.2
136947.5,-15.9,-6.4
136948.125,-16.2,-6.4
136948.75,-16.5,-6.3
136949.375,-15.8,-6.3
136950,-16.1,-6.3
136950.625,-15.5,-6.2
136951.25,-15.8,-6.3
136951.875,-16.1,-6.5
136952.5,-16.4,-6.6
136953.125,-16.7,-6.3
136953.75,-16,-6
136954.375,-16.4,-5.9
136955,-15.7,-5.8
136955.625,-16,-5.6
136956.25,-16.3,-5.7
136956.875,-15.6,-5.8
136957.5,-15.9,-5.6
136958.125,-16.2,-5
136958.75,-15.5,-4.2
136959.375,-15.8,-3.4
136960,-15.1,-2.3
136960.625,-15.4,-1.1
136961.25,-14.7,-0.3
136961.875,-14.1,0.2
136962.5,-13.4,0.5
136963.125,-12.7,0.6
136963.75,-13,0.4
136964.375,-12.3,0.2
136965,-12.6,0
136965.625,-11.9,-0.1
136966.25,-11.2,0.2
136966.875,-11.5,1
136967.5,-11.8,1.8
136968.125,-11.1,2.3
136968.75,-10.5,2.6
136969.375,-9.8,3.1
136970,-10.1,3.4
136970.625,-10.4,3.6
136971.25,-10.7,4.3
136971.875,-10.1,5.5
136972.5,-10.3,6.5
136973.125,-9.7,7.1
136973.75,-10,7.4
136974.375,-9.3,7.6
136975,-8.6,7.8
136975.625,-7.9,8
136976.25,-8.2,8.6
136976.875,-7.5,9.3
136977.5,-7.9,9.4
136978.125,-8.2,9.2
136978.75,-8.5,9.1
136979.375,-8.8,9.3
136980,-9.2,9.6
136980.625,-9.5,10.4
136981.25,-9.8,11.5
136981.875,-10.1,12.3
136982.5,-10.4,12.5
136983.125,-9.7,12.4
136983.75,-10,12.2
136984.375,-9.3,11.9
136985,-9.6,12
136985.625,-9.9,12.5
136986.25,-10.2,12.7
136986.875,-10.6,12.4
136987.5,-9.9,12.5
136988.125,-10.2,12.7
136988.75,-10.5,12.3
136989.375,-9.8,11.5
136990,-9.1,10.9
136990.625,-8.4,10.7
136991.25,-7.7,10.3
136991.875,-7,9.8
136992.5,-7.3,9.4
136993.125,-6.6,9.2
136993.75,-6,9
136994.375,-5.3,8.8
136995,-5.6,8.8
136995.625,-5.9,8.5
136996.25,-5.2,7.8
136996.875,-5.5,7
136997.5,-4.8,6.5
136998.125,-6.1,5.8
136998.75,-5.5,5
136999.375,-4.8,4.5
137000,-4.1,4.1
137000.625,-3.4,3.7
137001.25,-3.7,3.4
137001.875,-3,3.4
137002.5,-3.3,3.1
137003.125,-2.6,2.5
137003.75,-1.9,1.9
137004.375,-1.2,1.2
137005,-1.5,0.4
137005.625,-0.8,-0.7
137006.25,-1.2,-1.6
137006.875,-2.5,-2.4
137007.5,-1.8,-3.2
137008.125,-2.1,-3.9
137008.75,-1.4,-4.5
137009.375,-1.7,-5.3
137010,-2,-6.1
137010.625,-1.4,-6.5
137011.25,-1.7,-6.5
137011.875,-1,-6.6
137012.5,-1.3,-6.8
137013.125,-0.6,-6.9
137013.75,-1,-7.4
137014.375,-0.3,-8.3
137015,-0.6,-9.2
137015.625,-0.9,-9.7
137016.25,-0.2,-9.9
137016.875,-0.5,-10
137017.5,0.1,-9.8
137018.125,-0.2,-9.5
137018.75,-0.5,-9.4
137019.375,0.2,-9.5
137020,-0.1,-9.6
137020.625,-0.4,-9.7
137021.25,0.3,-10.1
137021.875,0,-10.6
137022.5,-0.3,-10.9
137023.125,0.4,-11.1
137023.75,1,-11.2
137024.375,1.7,-11.1
137025,1.4,-11.1
137025.625,0.1,-11.2
137026.25,-0.2,-11.5
137026.875,-0.5,-11.6
137027.5,0.2,-11.8
137028.125,0.9,-12.2
137028.75,0.6,-12.7
137029.375,0.2,-13
137030,0.9,-13.2
137030.625,0.6,-13.4
137031.25,1.3,-13.6
137031.875,1,-13.7
137032.5,0.7,-13.7
137033.125,1.3,-14
137033.75,1,-14.2
137034.375,1.7,-14.3
137035,1.4,-14.6
137035.625,2.1,-14.9
137036.25,2.8,-15.1
137036.875,2.5,-15.1
137037.5,3.2,-15.1
137038.125,2.9,-15.2
137038.75,3.6,-15.2
137039.375,3.2,-15.4
137040,3.9,-15.7
137040.625,3.6,-16.1
137041.25,3.3,-16.3
137041.875,3,-16.6
137042.5,3.6,-16.8
137043.125,3.3,-16.7
137043.75,3,-16.7
137044.375,2.7,-16.8
137045,2.4,-17
137045.625,3.1,-17.1
137046.25,2.8,-17.3
137046.875,2.5,-17.5
137047.5,3.2,-17.5
137048.125,2.8,-17.3
137048.75,3.5,-17.4
137049.375,4.2,-17.9
137050,3.9,-18.3
137050.625,3.6,-18.6
137051.25,3.3,-18.8
137051.875,4,-18.9
137052.5,3.7,-18.8
137053.125,4.4,-18.5
137053.75,4.1,-18.4
137054.375,4.7,-18.4
137055,4.4,-18.4
137055.625,4.1,-18.4
137056.25,4.8,-18.9
137056.875,4.5,-19.6
137057.5,4.1,-20.2
137058.125,3.8,-20.6
137058.75,4.5,-20.7
137059.375,4.1,-20.7
137060,2.8,-20.7
137060.625,3.5,-21.1
137061.25,3.2,-21.8
137061.875,2.9,-22.3
137062.5,2.6,-22.6
137063.125,3.3,-22.9
137063.75,3,-23
137064.375,3.7,-22.9
137065,3.4,-22.9
137065.625,3.1,-23.2
137066.25,2.7,-23.3
137066.875,2.4,-23.2
137067.5,2.1,-23.3
137068.125,1.8,-23.4
137068.75,2.4,-23.6
137069.375,2.1,-23.8
137070,1.8,-24
137070.625,2.5,-24.3
137071.25,2.2,-24.4
137071.875,2.9,-24.3
137072.5,2.6,-24.5
137073.125,2.3,-24.7
137073.75,1.9,-24.7
137074.375,2.6,-24.7
137075,2.3,-25
137075.625,2,-25.4
137076.25,1.7,-26
137076.875,1.4,-26.8
137077.5,1,-27.6
137078.125,0.7,-28
137078.75,1.4,-28.2
137079.375,1.1,-28.6
137080,0.8,-28.8
137080.625,0.5,-28.6
137081.25,0.2,-28.4
137081.875,1.9,-28.4
137082.5,1.6,-28.5
137083.125,1.3,-28.6
137083.75,1,-28.9
137084.375,1.7,-29.6
137085,2.4,-30.1
137085.625,3.1,-30.3
137086.25,2.7,-30.7
137086.875,3.4,-31.2
137087.5,3.1,-31.5
137088.125,2.8,-31.6
137088.75,3.5,-31.8
137089.375,4.1,-32.2
137090,3.8,-32.9
137090.625,3.5,-34.1
137091.25,3.2,-35.6
137091.875,3.9,-36.8
137092.5,4.6,-37.5
137093.125,4.3,-37.7
137093.75,5,-37.6
137094.375,5.7,-37.2
137095,5.4,-37
137095.625,6.1,-37.2
137096.25,5.8,-37.8
137096.875,6.5,-38.3
137097.5,6.2,-38.7
137098.125,6.8,-38.9
137098.75,6.5,-38.8
137099.375,7.2,-38.2
137100,8,-37.7
137100.625,8.6,-37.5
137101.25,9.3,-37.5
137101.875,9,-37.8
137102.5,8.7,-38.8
137103.125,9.4,-39.9
137103.75,10.1,-40.5
137104.375,10.7,-40.4
137105,11.4,-39.9
137105.625,11.1,-39.2
137106.25,10.8,-38.8
137106.875,11.5,-38.7
137107.5,12.2,-38.4
137108.125,11.9,-38
137108.75,12.6,-37.9
137109.375,13.3,-37.6
137110,13,-37.5
137110.625,12.6,-37.7
137111.25,12.3,-38.1
137111.875,12,-38.7
137112.5,12.7,-39.2
137113.125,13.4,-39.7
137113.75,15.1,-40
137114.375,15.7,-40
137115,15.4,-40
137115.625,15.1,-40
137116.25,14.8,-39.9
137116.875,13.5,-39.5
137117.5,13.2,-38.9
137118.125,13.8,-38.2
137118.75,14.5,-37.6
137119.375,15.2,-37.3
137120,15.9,-37.3
137120.625,15.6,-37.8
137121.25,15.3,-38.4
137121.875,14.9,-39.1
137122.5,14.7,-39.4
137123.125,15.4,-39.3
137123.75,15.1,-38.9
137124.375,15.8,-38.4
137125,16.5,-38.1
137125.625,18.2,-37.7
137126.25,17.9,-37.1
137126.875,17.5,-36.5
137127.5,17.2,-36.1
137128.125,17.9,-35.7
137128.75,17.6,-35.5
137129.375,17.3,-35.3
137130,17.9,-35.3
137130.625,18.6,-35.3
137131.25,18.3,-35.7
137131.875,19,-36.7
137132.5,18.7,-37.5
137133.125,17.4,-38.4
137133.75,17.1,-39.2
137134.375,16.7,-40
137135,17.4,-40.5
137135.625,18.1,-40.6
137136.25,17.8,-40.6
137136.875,18.5,-41
137137.5,19.2,-41.7
137138.125,18.9,-42
137138.75,18.5,-41.9
137139.375,18.2,-41.7
137140,18.9,-41.5
137140.625,18.6,-41.7
137141.25,18.3,-42.3
137141.875,18,-42.6
137142.5,18.7,-42.4
137143.125,17.4,-42.2
137143.75,18.1,-42
137144.375,17.8,-41.6
137145,18.4,-41.3
137145.625,19.1,-41.2
137146.25,19.8,-41.5
137146.875,20.5,-42
137147.5,19.1,-42.2
137148.125,18.8,-42
137148.75,18.4,-41.6
137149.375,17.1,-41.1
137150,16.8,-40.4
137150.625,15.5,-39.6
137151.25,15.1,-39
137151.875,13.9,-38.7
137152.5,13.6,-38.8
137153.125,13.2,-38.7
137153.75,12.9,-38.7
137154.375,12.6,-39.2
137155,12.3,-39.5
137155.625,12,-38.7
137156.25,11.6,-37.2
137156.875,11.3,-36.1
137157.5,12,-35.7
137158.125,11.7,-35.6
137158.75,11.5,-35.3
137159.375,12.2,-35.3
137160,12.9,-36
137160.625,13.6,-36.5
137161.25,14.3,-36.5
137161.875,15,-35.7
137162.5,15.6,-34.5
137163.125,16.3,-33.8
137163.75,17,-33.9
137164.375,16.7,-34.4
137165,16.3,-34.9
137165.625,16,-35.3
137166.25,14.7,-35.4
137166.875,14.3,-35.4
137167.5,13,-35.2
137168.125,12.7,-35.1
137168.75,12.4,-34.9
137169.375,12.1,-34.8
137170,12.8,-34.6
137170.625,12.5,-34.4
137171.25,13.2,-34.2
137171.875,13.9,-33.9
137172.5,13.5,-33.5
137173.125,13.2,-32.9
137173.75,12.9,-32
137174.375,13.6,-31
137175,13.3,-29.8
137175.625,13.9,-28.4
137176.25,12.6,-27
137176.875,13.3,-26.1
137177.5,13,-26.2
137178.125,12.6,-26.6
137178.75,11.4,-26.6
137179.375,11.1,-26.3
137180,10.8,-26
137180.625,9.5,-26
137181.25,10.2,-26.1
137181.875,9.9,-25.7
137182.5,10.7,-25.2
137183.125,12.4,-24.8
137183.75,13,-24.2
137184.375,14.7,-23.4
137185,15.3,-22.6
137185.625,16,-21.9
137186.25,15.6,-21.5
137186.875,14.3,-21
137187.5,13.9,-20.2
137188.125,13.6,-19.5
137188.75,12.3,-19.1
137189.375,12,-19.4
137190,11.7,-20.4
137190.625,11.4,-21.5
137191.25,12.1,-22.3
137191.875,12.9,-22.5
137192.5,13.6,-22.1
137193.125,14.3,-21.5
137193.75,15,-20.9
137194.375,14.7,-20.2
137195,15.3,-19.6
137195.625,16,-19.2
137196.25,15.6,-19.2
137196.875,16.3,-19.2
137197.5,16,-18.7
137198.125,15.7,-18.4
137198.75,15.4,-18.6
137199.375,15.1,-18.9
137200,14.8,-19.2
137200.625,15.4,-19.2
137201.25,15.1,-18.9
137201.875,14.8,-18.4
137202.5,14.5,-17.8
137203.125,14.2,-17.1
137203.75,13.9,-16.6
137204.375,14.6,-16.1
137205,14.3,-15.4
137205.625,13.9,-14.4
137206.25,13.6,-13.2
137206.875,13.3,-11.9
137207.5,14,-11.2
137208.125,13.6,-11
137208.75,13.3,-10.9
137209.375,13,-10.6
137210,12.6,-10.2
137210.625,11.3,-9.8
137211.25,11,-9.3
137211.875,9.7,-9
137212.5,9.3,-8.5
137213.125,9,-8.1
137213.75,9.7,-7.7
137214.375,9.4,-7.5
137215,9.1,-7.6
137215.625,8.8,-7.8
137216.25,8.5,-8.1
137216.875,8.2,-8.2
137217.5,6.9,-8.2
137218.125,6.5,-7.9
137218.75,6.2,-7.5
137219.375,5.9,-7
137220,5.6,-6.4
137220.625,5.3,-6
137221.25,5,-6.1
137221.875,4.6,-6.5
137222.5,5.3,-7.1
137223.125,5,-7.3
137223.75,4.7,-7.2
137224.375,4.4,-7.1
137225,4.1,-7
137225.625,3.7,-6.9
137226.25,3.4,-7.1
137226.875,4.1,-7.4
137227.5,3.8,-7.6
137228.125,3.5,-7.7
137228.75,3.2,-7.6
137229.375,2.9,-7.4
137230,2.6,-7.1
137230.625,2.2,-7.1
137231.25,1.9,-7.5
137231.875,1.6,-8
137232.5,2.3,-8.6
137233.125,2,-9.3
137233.75,1.7,-9.8
137234.375,2.4,-10.2
137235,2.1,-10.3
137235.625,2.8,-10
137236.25,2.5,-9.5
137236.875,3.1,-8.8
137237.5,2.8,-8.5
137238.125,3.5,-8.5
137238.75,3.2,-8.3
137239.375,2.9,-8.2
137240,2.6,-8.1
137240.625,2.2,-8.2
137241.25,2.9,-8.1
137241.875,5.7,-8
137242.5,6.4,-7.7
137243.125,6,-7.4
137243.75,4.7,-7.4
137244.375,4.4,-7.5
137245,4.1,-7.5
137245.625,4.8,-7.3
137246.25,4.5,-6.8
137246.875,5.2,-6.1
137247.5,4.9,-5.3
137248.125,5.6,-4.7
137248.75,6.3,-4.3
137249.375,6,-4.1
137250,5.6,-3.8
137250.625,6.3,-3.5
137251.25,6,-3
137251.875,6.6,-2.3
137252.5,6.2,-1.6
137253.125,4.9,-1.1
137253.75,3.6,-1
137254.375,3.2,-1
137255,1.9,-0.7
137255.625,1.6,-0.3
137256.25,1.3,-0.4
137256.875,1,-0.8
137257.5,0.6,-1.3
137258.125,0.4,-1.5
137258.75,0,-1.2
137259.375,-0.3,-0.5
137260,-1.6,0.7
137260.625,-2.9,1.8
137261.25,-2.2,2.9
137261.875,-2.5,3.5
137262.5,-2.8,3.8
137263.125,-2.1,3.8
137263.75,-2.4,3.7
137264.375,-1.6,3.5
137265,-0.9,3.3
137265.625,-0.2,3.2
137266.25,0.5,3.3
137266.875,1.1,3.6
137267.5,2.8,4
137268.125,3.5,4.3
137268.75,3.1,4.4
137269.375,1.8,4.3
137270,1.4,3.9
137270.625,1.1,3.3
137271.25,-0.3,2.7
137271.875,-1.6,2.5
137272.5,-2.9,2.9
137273.125,-3.2,3.5
137273.75,-4.5,4.1
137274.375,-4.8,4.5
137275,-4.1,4.5
137275.625,-4.5,4.8
137276.25,-3.8,5.4
137276.875,-3.1,5.9
137277.5,-3.4,6.1
137278.125,-3.7,6.4
137278.75,-5.1,6.8
137279.375,-6.4,7.5
137280,-7.7,8.1
137280.625,-6.9,8.6
137281.25,-7.2,8.9
137281.875,-5.5,8.9
137282.5,-4.8,8.8
137283.125,-4.1,8.6
137283.75,-3.4,8.7
137284.375,-3.8,9
137285,-4.1,9.7
137285.625,-4.5,10.6
137286.25,-5.8,11.4
137286.875,-6.1,11.7
137287.5,-6.4,11.6
137288.125,-5.7,11.4
137288.75,-5,11.3
137289.375,-5.3,11.8
137290,-4.6,12.6
137290.625,-5,13.5
137291.25,-5.3,14.3
137291.875,-5.6,15.1
137292.5,-5.9,15.7
137293.125,-6.3,16.1
137293.75,-6.6,16.3
137294.375,-6.9,16.4
137295,-6.2,16.4
137295.625,-6.5,16.5
137296.25,-5.8,16.8
137296.875,-6.1,17.1
137297.5,-6.4,17.7
137298.125,-6.7,18.6
137298.75,-6.1,19.4
137299.375,-6.4,19.9
137300,-5.7,20.1
137300.625,-6,19.9
137301.25,-6.3,19
137301.875,-7.7,18.5
137302.5,-9,18.7
137303.125,-9.3,18.4
137303.75,-8.6,18.1
137304.375,-8.9,17.9
137305,-9.2,17.9
137305.625,-8.6,18.1
137306.25,-8.9,18.4
137306.875,-9.2,18.8
137307.5,-10.6,19
137308.125,-10.9,19.3
137308.75,-12.2,19.7
137309.375,-12.5,20.2
137310,-12.8,20.9
137310.625,-12.1,21.7
137311.25,-12.4,22.3
137311.875,-11.7,22.8
137312.5,-12,23.2
137313.125,-11.3,23.3
137313.75,-11.6,23.3
137314.375,-11.9,23.1
137315,-11.3,22.8
137315.625,-12.6,22.5
137316.25,-12.9,22.2
137316.875,-13.3,21.8
137317.5,-12.6,21.3
137318.125,-12.9,21.1
137318.75,-13.2,21
137319.375,-14.6,21.3
137320,-14.9,22
137320.625,-16.2,22.9
137321.25,-17.5,24.1
137321.875,-17.8,24.9
137322.5,-18.1,24.7
137323.125,-18.4,24.5
137323.75,-17.8,24.5
137324.375,-18,24.7
137325,-17.4,24.7
137325.625,-17.7,24.7
137326.25,-18,24.6
137326.875,-18.2,24.4
137327.5,-17.5,24.2
137328.125,-16.8,24.1
137328.75,-16.1,24.1
137329.375,-15.4,24.2
137330,-14.7,24.2
137330.625,-14.1,24
137331.25,-14.4,23.6
137331.875,-14.7,23.2
137332.5,-15.1,23.2
137333.125,-15.4,23.7
137333.75,-15.8,24.1
137334.375,-16.1,24.2
137335,-17.4,23.9
137335.625,-18.7,23.9
137336.25,-18.9,24.2
137336.875,-18.2,24.3
137337.5,-17.5,23.7
137338.125,-15.7,22.5
137338.75,-14,21.9
137339.375,-12.3,21.9
137340,-11.7,22.2
137340.625,-12,22.4
137341.25,-12.4,22.3
137341.875,-11.8,21.9
137342.5,-12.1,21.3
137343.125,-12.4,20.1
137343.75,-13.7,19
137344.375,-13,18.4
137345,-11.3,18.5
137345.625,-10.6,18.9
137346.25,-10.9,19.5
137346.875,-10.2,20
137347.5,-10.5,20.4
137348.125,-10.8,20.6
137348.75,-10.2,20.3
137349.375,-11.5,19.4
137350,-10.8,18.2
137350.625,-11.1,16.8
137351.25,-10.4,15.8
137351.875,-10.7,14.9
137352.5,-12.1,14
137353.125,-11.4,13.1
137353.75,-11.7,12.3
137354.375,-11,11.4
137355,-10.3,10.6
137355.625,-10.6,9.8
137356.25,-9.9,9
137356.875,-10.3,8.3
137357.5,-10.6,7.6
137358.125,-10.8,6.8
137358.75,-10.1,6.1
137359.375,-10.4,5.7
137360,-9.7,5.4
137360.625,-9,5.1
137361.25,-8.3,4.8
137361.875,-7.7,4.3
137362.5,-7,3.6
137363.125,-7.3,2.6
137363.75,-6.6,1.8
137364.375,-7,1.1
137365,-7.3,0.7
137365.625,-7.6,0.5
137366.25,-7.9,0.3
137366.875,-8.2,-0.1
137367.5,-8.5,-0.7
137368.125,-8.8,-1.4
137368.75,-8.1,-2.1
137369.375,-6.4,-2.7
137370,-4.7,-2.7
137370.625,-3.9,-2.7
137371.25,-3.2,-2.5
137371.875,-2.6,-2.5
137372.5,-2.9,-2.4
137373.125,-3.2,-2.5
137373.75,-2.5,-2.8
137374.375,-2.9,-3.3
137375,-3.2,-3.7
137375.625,-2.5,-3.7
137376.25,-1.9,-3.5
137376.875,-2.2,-3.3
137377.5,-2.5,-3.4
137378.125,-1.8,-3.5
137378.75,-2.1,-3.6
137379.375,-1.4,-3.6
137380,-0.7,-3.4
137380.625,0,-3.1
137381.25,0.7,-2.8
137381.875,1.5,-2.6
137382.5,1.1,-2.7
137383.125,0.8,-3.1
137383.75,1.5,-3.6
137384.375,1.2,-4.3
137385,0.8,-5.2
137385.625,1.5,-5.8
137386.25,1.2,-6.1
137386.875,1.9,-6.1
137387.5,1.6,-6
137388.125,2.3,-5.8
137388.75,2,-5.8
137389.375,2.6,-6
137390,3.3,-6.1
137390.625,3,-6.3
137391.25,3.7,-6.3
137391.875,3.4,-6.5
137392.5,4.1,-6.8
137393.125,4.8,-7.2
137393.75,4.4,-7.6
137394.375,5.1,-8.1
137395,4.8,-8.7
137395.625,4.5,-9.2
137396.25,4.2,-9.6
137396.875,4.9,-9.7
137397.5,4.6,-9.5
137398.125,4.3,-9
137398.75,4.9,-8.6
137399.375,5.6,-8.4
137400,6.3,-8.6
137400.625,6,-9.1
137401.25,6.7,-9.9
137401.875,6.4,-10.6
137402.5,6.1,-11
137403.125,5.8,-11.2
137403.75,5.5,-11
137404.375,6.2,-10.9
137405,5.9,-10.8
137405.625,5.7,-10.9
137406.25,6.5,-10.9
137406.875,7.3,-10.9
137407.5,7.1,-11.1
137408.125,7,-11.3
137408.75,7,-11.5
137409.375,6,-11.6
137410,6.1,-11.6
137410.625,6.3,-11.6
137411.25,7.5,-11.6
137411.875,7.7,-11.6
137412.5,8.1,-11.4
137413.125,9.5,-11.2
137413.75,9.9,-11.2
137414.375,11.5,-11.5
137415,12.2,-12
137415.625,12.9,-12.2
137416.25,12.7,-12.2
137416.875,13.7,-12.1
137417.5,13.8,-11.7
137418.125,15,-11.2
137418.75,15.3,-10.7
137419.375,16.7,-10.3
137420,17.3,-9.8
137420.625,18,-9.4
137421.25,18.8,-9.4
137421.875,18.8,-10.1
137422.5,19.9,-11.1
137423.125,21.2,-11.3
137423.75,21.7,-11.3
137424.375,23.2,-11.2
137425,24,-10.9
137425.625,24.9,-10.5
137426.25,25.9,-10.2
137426.875,26.2,-9.9
137427.5,25.6,-9.7
137428.125,26.2,-9.6
137428.75,27,-9.7
137429.375,28.1,-9.7
137430,28.3,-9.7
137430.625,28.7,-10
137431.25,29.4,-9.9
137431.875,30.3,-9.5
137432.5,31.3,-8.9
137433.125,32.6,-8.3
137433.75,33.2,-8.1
137434.375,33.9,-8.2
137435,34.9,-8.3
137435.625,35.1,-8.1
137436.25,36.6,-8
137436.875,37.3,-7.7
137437.5,38.3,-7.2
137438.125,39.6,-6.7
137438.75,40.1,-6.2
137439.375,41.9,-5.8
137440,42,-5.7
137440.625,42.3,-5.9
137441.25,42.8,-6.3
137441.875,43.7,-6.6
137442.5,44.9,-6.7
137443.125,46.4,-6.5
137443.75,47.2,-6.3
137444.375,48.3,-6.1
137445,48.7,-6
137445.625,49.4,-6.1
137446.25,49.4,-6.3
137446.875,49.8,-6.3
137447.5,49.4,-6.3
137448.125,49.4,-6.4
137448.75,49.8,-6.8
137449.375,50.5,-7.2
137450,50.5,-7.7
137450.625,50.9,-8
137451.25,51.6,-8.2
137451.875,51.7,-8.3
137452.5,51.1,-8.3
137453.125,49.9,-8.5
137453.75,49.1,-8.7
137454.375,48.7,-8.8
137456.875,44,-7.9
137457.5,43.6,-7.9
137458.125,42.6,-8
137458.75,41.9,-8.2
137459.375,39.6,-8.4
137460,37.8,-8.4
137460.625,37.5,-8.3
137461.25,36.5,-8.1
137461.875,35,-7.9
137462.5,33,-7.6
137463.125,32.3,-7.4
137463.75,30.1,-7.1
137464.375,29.4,-6.9
137465,28.2,-6.7
137465.625,27.4,-6.4
137466.25,26,-6.5
137466.875,25.2,-6.8
137467.5,23.8,-7.3
137468.125,22.8,-7.8
137468.75,21.4,-8.1
137469.375,19.5,-7.9
137470,19.1,-7.3
137470.625,17.1,-6.5
137471.25,15.7,-5.6
137471.875,14.8,-4.8
137472.5,13.4,-4.3
137473.125,13.5,-3.9
137473.75,12.1,-3.6
137474.375,11.2,-3.5
137475,10.9,-3.7
137475.625,10,-4
137476.25,9.7,-4.2
137476.875,8.8,-4
137477.5,8.5,-3.4
137478.125,8.7,-2.7
137478.75,8.4,-2
137479.375,8.6,-1.4
137480,7.4,-1.1
137480.625,6.6,-0.9
137481.25,5.3,-0.8
137481.875,4.6,-0.7
137482.5,3.4,-0.6
137483.125,2.7,-0.5
137483.75,1.5,-0.5
137484.375,0.8,-0.6
137485,0.6,-0.8
137485.625,-0.1,-1.1
137486.25,-0.2,-1.2
137486.875,-0.9,-1.3
137487.5,-2,-1.4
137488.125,-1.6,-1.8
137488.75,-2.7,-2.2
137489.375,-3.3,-2.5
137490,-3.3,-2.4
137490.625,-3.9,-1.9
137491.25,-3.9,-0.9
137491.875,-3.5,0.2
137492.5,-4.5,1.2
137493.125,-5,1.7
137493.75,-5,1.8
137494.375,-6.5,1.8
137495,-6.5,1.8
137495.625,-6.9,1.9
137496.25,-6.9,2
137496.875,-7.3,2
137497.5,-7.2,2
137498.125,-8.7,1.8
137498.75,-8.6,1.6
137499.375,-8.9,1.6
137500,-9.8,2
137500.625,-10.2,1.2
137501.25,-11,0.5
137501.875,-11.3,-0.2
137502.5,-11.2,-0.8
137503.125,-11.5,-1.5
137503.75,-12.2,-2.1
137504.375,-12.5,-3
137505,-13.2,-4
137505.625,-13.5,-5.1
137506.25,-13.2,-6.3
137506.875,-13.4,-7.3
137507.5,-13.1,-8.1
137508.125,-13.3,-8.8
137508.75,-13,-9.4
137509.375,-13.2,-10.1
137510,-13.8,-11
137510.625,-14,-11.8
137511.25,-14.6,-12.3
137511.875,-14.7,-12.5
137512.5,-14.3,-12.4
137513.125,-14.4,-12
137513.75,-15,-11.7
137514.375,-14,-11.6
137515,-13.6,-11.8
137515.625,-12.6,-12.3
137516.25,-13.1,-13
137516.875,-13.1,-13.4
137517.5,-12.6,-13.6
137518.125,-12.6,-13.6
137518.75,-13,-13.4
137519.375,-13,-13.4
137520,-13.4,-13.7
137520.625,-13.3,-14.1
137521.25,-13.7,-14.6
137521.875,-13.6,-14.8
137522.5,-14,-14.9
137523.125,-13.9,-15
137523.75,-14.2,-15.1
137524.375,-14.1,-15.2
137525,-14.4,-15.3
137525.625,-14.2,-15.6
137526.25,-14.5,-15.8
137526.875,-14.3,-16
137527.5,-14.5,-16.1
137528.125,-14.3,-16.3
137528.75,-15.5,-16.6
137529.375,-17.2,-17
137530,-19.4,-17.4
137530.625,-20.1,-17.7
137531.25,-21.3,-17.7
137531.875,-22,-17.4
137532.5,-23.1,-17.2
137533.125,-23.7,-17
137533.75,-23.9,-16.9
137534.375,-22.5,-16.9
137535,-21.5,-16.9
137535.625,-21.1,-17
137536.25,-20.2,-17.1
137536.875,-19.7,-17.3
137537.5,-19.8,-17.3
137538.125,-19.3,-17.4
137538.75,-19.3,-17.4
137539.375,-19.8,-17.4
137540,-19.8,-17.3
137540.625,-20.2,-17.2
137541.25,-20.2,-17.1
137541.875,-19.6,-17.2
137542.5,-19.5,-17.4
137543.125,-19.9,-17.4
137543.75,-19.8,-17.4
137544.375,-19.2,-17.2
137545,-19.1,-16.8
137545.625,-19.4,-16.4
137546.25,-18.3,-16.1
137546.875,-17.6,-15.8
137547.5,-16.5,-15.5
137548.125,-15.9,-15.1
137548.75,-14.8,-14.6
137549.375,-14.2,-13.9
137550,-14.1,-13.3
137550.625,-13.6,-12.8
137551.25,-13.6,-12.3
137551.875,-13.1,-11.6
137552.5,-13.2,-11.1
137553.125,-12.8,-10.8
137553.75,-12,-11.1
137554.375,-10.8,-11.7
137555,-9.1,-12.3
137555.625,-7.9,-12.7
137556.25,-7.4,-12.4
137556.875,-6.4,-11.4
137557.5,-6,-10.2
137558.125,-6.2,-9
137558.75,-5.9,-8.2
137559.375,-5.3,-7.6
137560,-5.3,-6.9
137560.625,-4.8,-6
137561.25,-5,-5
137561.875,-5.8,-3.9
137562.5,-6.2,-3
137563.125,-6.2,-2.5
137563.75,-5.9,-2.1
137564.375,-5.1,-1.9
137565,-5.1,-1.7
137565.625,-5.6,-1.2
137566.25,-5.8,-0.5
137566.875,-6.7,-0.1
137567.5,-6.2,0.1
137568.125,-7.3,0.2
137568.75,-8.2,0.4
137569.375,-7.6,0.6
137570,-8.8,1.2
137570.625,-9.7,1.8
137571.25,-10.2,2.4
137571.875,-10.4,2.7
137572.5,-10.3,2.6
137573.125,-10.9,2.2
137573.75,-12.2,1.9
137574.375,-12.2,1.7
137575,-11.9,1.4
137575.625,-11.3,0.8
137576.25,-11.5,0.1
137576.875,-12.4,-0.2
137577.5,-11.9,-0.3
137578.125,-11.3,-0.2
137578.75,-10.3,-0.3
137579.375,-10.1,-0.6
137580,-9.7,-1.1
137580.625,-9,-1.7
137581.25,-9,-2.3
137581.875,-9.9,-3
137582.5,-9.4,-3.7
137583.125,-9.8,-4.3
137583.75,-8.9,-4.6
137584.375,-8.8,-4.6
137585,-8.5,-4.8
137585.625,-7.9,-5.2
137586.25,-8.2,-5.9
137586.875,-8.3,-6.7
137587.5,-8.1,-7.4
137588.125,-8.8,-8.3
137588.75,-8.3,-9.2
137589.375,-8.5,-10.1
137590,-8.6,-10.7
137590.625,-8.6,-11
137591.25,-8.3,-11.3
137591.875,-8.9,-11.7
137592.5,-8.4,-12.3
137593.125,-8.6,-12.8
137593.75,-8.8,-13.4
137594.375,-8.7,-14.2
137595,-8.6,-14.6
137595.625,-8.3,-14.6
137596.25,-8.8,-14.3
137596.875,-8.2,-13.9
137597.5,-8.5,-14.1
137598.125,-7.7,-14.6
137598.75,-7.8,-14.9
137599.375,-6.7,-15
137600,-6.6,-14.8
137600.625,-6.3,-14.5
137601.25,-7,-14.2
137601.875,-6.5,-13.9
137602.5,-7,-13.5
137603.125,-6.3,-13.1
137603.75,-5.6,-12.7
137604.375,-5.9,-12.2
137605,-5,-11.9
137605.625,-4.1,-11.7
137606.25,-3.1,-11.7
137606.875,-3.1,-12
137607.5,-3,-12.3
137608.125,-2.8,-12.4
137608.75,-3.7,-12.1
137609.375,-3.5,-11.8
137610,-3.2,-11.8
137610.625,-2.9,-12.1
137611.25,-2.6,-12.3
137611.875,-2.3,-12.4
137612.5,-2,-12.6
137613.125,-0.6,-12.8
137613.75,-0.3,-12.9
137614.375,0.1,-12.7
137615,1.4,-12.1
137615.625,1.8,-11.4
137616.25,3.1,-10.8
137616.875,3.5,-10.6
137617.5,4.8,-10.6
137618.125,6.2,-11
137618.75,6.6,-11.5
137619.375,6.9,-12.1
137620,8.3,-12.6
137620.625,8.6,-13.3
137621.25,10,-13.7
137621.875,10.3,-13.8
137622.5,9.7,-13.5
137623.125,10.1,-13.3
137623.75,9.4,-13.1
137624.375,9.8,-13
137625,11.1,-12.7
137625.625,11.5,-12.4
137626.25,11.8,-12
137626.875,12.2,-11.7
137627.5,11.6,-11.4
137628.125,10.9,-11
137628.75,11.3,-10.3
137629.375,11.6,-9.5
137630,12,-8.5
137630.625,12.3,-7.7
137631.25,11.7,-7.2
137631.875,12,-7
137632.5,12.4,-7.1
137633.125,11.8,-7.2
137633.75,12.1,-7.1
137634.375,12.5,-7
137635,12.8,-6.8
137635.625,12.2,-6.2
137636.25,12.5,-5.4
137636.875,12.9,-4.6
137637.5,12.2,-4.2
137638.125,11.6,-3.9
137638.75,12,-3.5
137639.375,11.3,-2.7
137640,11.7,-1.6
137640.625,12,-0.3
137641.25,11.4,0.9
137641.875,10.7,1.3
137642.5,10.1,1.2
137643.125,9.5,0.8
137643.75,8.8,0.7
137644.375,8.2,0.9
137645,7.5,1.5
137645.625,6.9,2.2
137646.25,6.2,2.7
137646.875,5.6,2.8
137647.5,4.9,2.4
137648.125,5.3,1.6
137648.75,4.6,0.8
137649.375,5,0.4
137650,5.4,0.3
137650.625,4.7,0.5
137651.25,4.1,0.7
137651.875,3.4,0.6
137652.5,3.8,0.5
137653.125,4.1,0.5
137653.75,4.5,0.5
137654.375,3.8,0.3
137655,3.2,-0.3
137655.625,2.6,-1
137656.25,1.9,-1.6
137656.875,1.3,-2.2
137657.5,0.6,-2.9
137658.125,0,-4
137658.75,-0.7,-5.3
137659.375,-1.3,-6.6
137660,-1,-7.6
137660.625,-1.6,-8.2
137661.25,-2.3,-8.6
137661.875,-2.9,-9.2
137662.5,-2.6,-10.4
137663.125,-2.2,-11.9
137663.75,-2.8,-13.5
137664.375,-2.5,-14.6
137665,-3.1,-15.4
137665.625,-2.8,-15.8
137666.25,-3.4,-16.1
137666.875,-3.1,-16.7
137667.5,-3.7,-17.6
137668.125,-4.3,-18.6
137668.75,-5,-19.4
137669.375,-5.6,-19.8
137670,-6.3,-19.8
137670.625,-6.9,-19.5
137671.25,-6.6,-19.1
137671.875,-7.2,-18.7
137672.5,-7.9,-18.5
137673.125,-7.5,-18.9
137673.75,-7.2,-19.4
137674.375,-6.8,-19.8
137675,-7.5,-20.2
137675.625,-6.1,-20.5
137676.25,-5.8,-20.6
137676.875,-5.4,-20.5
137677.5,-6,-20
137678.125,-5.7,-19.6
137678.75,-5.3,-19.4
137679.375,-6,-19.6
137680,-5.6,-20.1
137680.625,-5.3,-21
137681.25,-5.9,-21.7
137681.875,-6.5,-22
137682.5,-6.2,-22.3
137683.125,-5.8,-22.5
137683.75,-5.5,-22.9
137684.375,-5.1,-23.1
137685,-4.8,-23.1
137685.625,-4.4,-22.9
137686.25,-4.1,-22.7
137686.875,-3.7,-22.6
137687.5,-4.3,-22.6
137688.125,-5,-22.4
137688.75,-5.6,-21.9
137689.375,-5.3,-21.3
137690,-5.9,-20.7
137690.625,-5.6,-20.4
137691.25,-5.2,-20.4
137691.875,-5.8,-20.7
137692.5,-5.5,-21.5
137693.125,-6.1,-22.6
137693.75,-6.8,-23.5
137694.375,-6.4,-24.1
137695,-7.1,-24.2
137695.625,-6.7,-24
137696.25,-7.4,-23.8
137696.875,-8,-24
137697.5,-7.7,-24.7
137698.125,-7.3,-25.7
137698.75,-7,-26.5
137699.375,-6.6,-26.9
137700,-6.2,-26.9
137700.625,-5.9,-26.6
137701.25,-6.5,-26
137701.875,-6.2,-25.3
137702.5,-5.8,-24.6
137703.125,-7.5,-24
137703.75,-8.1,-23.6
137704.375,-8.7,-23.5
137705,-8.4,-23.8
137705.625,-9,-24.2
137706.25,-8.7,-24.5
137706.875,-9.3,-24.4
137707.5,-9,-24.1
137708.125,-9.6,-23.5
137708.75,-9.3,-22.8
137709.375,-9.9,-22.4
137710,-10.6,-22.1
137710.625,-11.2,-21.9
137711.25,-10.9,-21.6
137711.875,-11.5,-21.3
137712.5,-11.1,-21
137713.125,-10.8,-20.8
137713.75,-10.4,-20.7
137714.375,-10.1,-20.7
137715,-10.7,-20.6
137715.625,-11.4,-20.2
137716.25,-11,-19.7
137716.875,-11.6,-19.4
137717.5,-12.3,-19.3
137718.125,-12.9,-19.2
137718.75,-13.6,-19
137719.375,-13.2,-18.7
137720,-13.9,-18.3
137720.625,-13.5,-17.9
137721.25,-14.2,-17.7
137721.875,-13.8,-17.5
137722.5,-13.5,-17.2
137723.125,-13.1,-16.6
137723.75,-12.8,-16.3
137724.375,-12.4,-16.3
137725,-12,-16.7
137725.625,-12.7,-17
137726.25,-12.3,-17.1
137726.875,-12,-16.9
137727.5,-12.6,-16.3
137728.125,-12.3,-15.3
137728.75,-11.9,-14.6
137729.375,-11.6,-14.5
137730,-11.2,-14.6
137730.625,-10.9,-14.6
137731.25,-10.5,-14.6
137731.875,-10.1,-14.6
137732.5,-9.8,-14.4
137733.125,-9.4,-13.8
137733.75,-9.1,-12.8
137734.375,-7.7,-11.8
137735,-7.4,-10.7
137735.625,-8,-10
137736.25,-7.7,-9.5
137736.875,-8.3,-9.1
137737.5,-7.9,-8.9
137738.125,-7.6,-8.7
137738.75,-8.2,-8.3
137739.375,-7.9,-7.6
137740,-7.5,-6.6
137740.625,-8.2,-5.5
137741.25,-6.8,-4.4
137741.875,-6.5,-3.3
137742.5,-6.1,-2.2
137743.125,-5.7,-1.4
137743.75,-6.4,-0.8
137744.375,-6,-0.5
137745,-5.7,-0.2
137745.625,-5.3,0.3
137746.25,-5,1.1
137746.875,-4.6,2.2
137747.5,-4.3,3.1
137748.125,-3.9,3.5
137748.75,-3.6,3.6
137749.375,-3.2,3.8
137750,-3.8,4.2
137750.625,-3.5,4.8
137751.25,-4.1,5.4
137751.875,-3.8,5.8
137752.5,-4.4,6.1
137753.125,-4,6.5
137753.75,-3.7,7.3
137754.375,-4.3,8.2
137755,-5,9
137755.625,-4.6,9.8
137756.25,-5.3,10.5
137756.875,-5.9,11.2
137757.5,-5.6,12.2
137758.125,-6.2,13.7
137758.75,-5.9,15.4
137759.375,-6.5,17.2
137760,-6.1,18.5
137760.625,-5.8,19.2
137761.25,-5.4,19.5
137761.875,-5.1,19.6
137762.5,-4.7,19.9
137763.125,-5.4,20.4
137763.75,-5,21
137764.375,-5.7,21.6
137765,-5.3,22
137765.625,-5.9,22.5
137766.25,-5.6,22.9
137766.875,-5.2,23.5
137767.5,-4.9,24.3
137768.125,-4.5,25.1
137768.75,-4.2,25.8
137769.375,-4.8,26.2
137770,-4.5,26.1
137770.625,-4.1,25.6
137771.25,-4.8,25
137771.875,-4.4,24.6
137772.5,-5,24.4
137773.125,-4.7,24.3
137773.75,-5.3,24.4
137774.375,-5,24.4
137775,-4.6,24.6
137775.625,-4.3,24.8
137776.25,-3.9,25.2
137776.875,-4.5,25.5
137777.5,-4.2,25.4
137778.125,-5.8,25
137778.75,-6.5,24.7
137779.375,-7.1,24.5
137780,-6.8,24.5
137780.625,-6.4,24.6
137781.25,-5.1,25
137781.875,-4.7,25.5
137782.5,-3.4,26.2
137783.125,-3,26.9
137783.75,-2.7,27.4
137784.375,-2.3,27.6
137785,-1.9,27.9
137785.625,-2.6,28.6
137786.25,-2.2,29.8
137786.875,-1.9,31.4
137787.5,-2.5,33.2
137788.125,-2.2,35
137788.75,-2.8,36.5
137789.375,-2.4,37.5
137790,-2.1,37.9
137790.625,-2.7,38
137791.25,-2.4,37.8
137791.875,-3,37.5
137792.5,-3.6,37.3
137793.125,-4.3,37.2
137793.75,-4.9,37.6
137794.375,-5.6,38.3
137795,-5.2,39.1
137795.625,-5.9,40
137796.25,-5.5,41.1
137796.875,-6.2,42.6
137797.5,-5.8,44.3
137798.125,-6.5,45.7
137798.75,-6.1,46.6
137799.375,-6.8,46.8
137800,-6.4,46.8
137800.625,-6.1,46.6
137801.25,-6.7,46.5
137801.875,-7.3,46.4
137802.5,-7,46.4
137803.125,-7.6,46.7
137803.75,-7.3,47.3
137804.375,-6.9,47.6
137805,-6.6,47.8
137805.625,-6.2,48.1
137806.25,-5.9,48.8
137806.875,-6.5,50
137807.5,-7.1,51.7
137808.125,-7.8,53.5
137808.75,-8.4,55.2
137809.375,-9.1,56
137810,-7.7,56.1
137810.625,-7.4,56
137811.25,-7,55.9
137811.875,-7.6,56.3
137812.5,-7.3,57
137813.125,-6.9,58
137813.75,-6.6,58.9
137814.375,-7.2,59.7
137815,-7.9,60.3
137815.625,-8.5,60.2
137816.25,-9.2,59.7
137816.875,-9.8,59.1
137817.5,-10.5,58.4
137818.125,-10.1,58
137818.75,-10.7,57.9
137819.375,-10.4,57.9
137820,-10,58
137820.625,-9.7,58
137821.25,-10.3,58.1
137821.875,-10,58.2
137822.5,-10.6,58.2
137823.125,-10.3,58.3
137823.75,-9.9,58.6
137824.375,-10.6,58.9
137825,-10.2,59.1
137825.625,-9.8,59.2
137826.25,-9.5,58.9
137826.875,-8.1,58
137827.5,-7.8,57.2
137828.125,-8.4,56.8
137828.75,-8.1,56.9
137829.375,-8.7,57.3
137830,-8.4,57.8
137830.625,-7,58
137831.25,-6.7,58
137831.875,-5.3,58
137832.5,-4.9,58
137833.125,-4.6,58
137833.75,-5.2,58.1
137834.375,-4.9,58.4
137835,-4.5,58.5
137835.625,-4.2,58.3
137836.25,-3.8,57.9
137836.875,-3.5,57.4
137837.5,-4.1,57.1
137838.125,-3.7,57
137838.75,-3.4,57.5
137839.375,-3,58.2
137840,-2.7,58.8
137840.625,-2.3,59.1
137841.25,-3,59.2
137841.875,-2.6,59
137842.5,-2.2,58.8
137843.125,-2.9,58.4
137843.75,-3.5,58.1
137844.375,-3.2,57.6
137845,-3.8,57.2
137845.625,-3.5,56.9
137846.25,-3.1,56.8
137846.875,-2.8,56.9
137847.5,-2.4,57.3
137848.125,-2.1,57.9
137848.75,-1.7,58.3
137849.375,-2.4,58.5
137850,-2,58.6
137850.625,-1.6,58.8
137851.25,-1.3,58.9
137851.875,-0.9,58.9
137852.5,-0.6,58.5
137853.125,-0.2,57.6
137853.75,0.1,56.6
137854.375,0.5,55.9
137855,-0.2,55.4
137855.625,-0.8,55.2
137856.25,-0.4,55.2
137856.875,-0.1,55.4
137857.5,0.3,55.4
137858.125,0.6,55
137858.75,1,54.6
137859.375,0.3,54.4
137860,-0.3,54.6
137860.625,-1,55.3
137861.25,-1.6,56.3
137861.875,-2.2,57.4
137862.5,-1.9,58.2
137863.125,-1.5,58
137863.75,-1.2,56.9
137864.375,-0.8,55.6
137865,-0.5,54.5
137865.625,-0.1,54
137866.25,0.2,54.1
137866.875,0.6,54.4
137867.5,0.9,54.6
137868.125,0.3,54.5
137868.75,0.7,54
137869.375,0,53.3
137870,0.4,52.6
137870.625,0.7,52.1
137871.25,1.1,51.9
137871.875,1.4,51.9
137872.5,1.8,52
137873.125,3.2,52
137873.75,3.5,51.7
137874.375,3.9,51.2
137875,4.2,50.8
137875.625,4.6,50.9
137876.25,4.9,51.2
137876.875,4.3,51.4
137877.5,4.6,51.1
137878.125,4,50.3
137878.75,3.3,49.4
137879.375,3.7,48.4
137880,4,47.6
137880.625,5.4,47.2
137881.25,5.8,47
137881.875,6.1,47.2
137882.5,6.5,47.5
137883.125,6.8,47.6
137883.75,6.2,47.4
137884.375,6.5,47.1
137885,7.9,46.7
137885.625,8.3,46.3
137886.25,8.6,45.8
137886.875,9,45.4
137887.5,9.3,45.1
137888.125,9.7,44.8
137888.75,9,44.8
137889.375,9.4,45
137890,8.7,45.2
137890.625,9.1,45.3
137891.25,9.5,45.1
137891.875,9.8,44.7
137892.5,10.2,44.3
137893.125,9.5,43.9
137893.75,9.9,43.3
137894.375,9.2,42.5
137895,9.6,41.5
137895.625,9.9,40.6
137896.25,10.3,39.8
137896.875,10.7,39.2
137897.5,11,38.4
137898.125,11.4,37.5
137898.75,10.7,36.9
137899.375,11.1,36.8
137900,11.4,37.1
137900.625,10.8,37.6
137901.25,10.2,38
137901.875,10.5,38
137902.5,9.9,37.8
137903.125,9.2,37.5
137903.75,8.6,37.2
137904.375,8.9,36.7
137905,9.3,36.2
137905.625,10.6,35.7
137906.25,10,35.1
137906.875,10.3,34.7
137907.5,9.7,34.1
137908.125,10.1,33.3
137908.75,9.4,32.3
137909.375,9.8,31.2
137910,9.1,30.2
137910.625,9.5,29.5
137911.25,8.8,29.1
137911.875,8.2,29
137912.5,7.5,29
137913.125,6.9,28.7
137913.75,7.2,28.1
137914.375,7.6,27.4
137915,6.9,26.8
137915.625,7.3,26.4
137916.25,7.7,26
137916.875,8,25.2
137917.5,8.4,23.7
137918.125,8.7,22.1
137918.75,9.1,20.6
137919.375,9.5,18.9
137920,8.8,17.3
137920.625,8.2,16.1
137921.25,7.5,15.1
137921.875,7.9,14.4
137922.5,7.2,13.5
137923.125,6.6,12.2
137923.75,5.9,10.6
137924.375,5.3,8.8
137925,5.7,7.2
137925.625,5,5.9
137926.25,5.4,4.5
137926.875,4.7,2.8
137927.5,4.1,0.9
137928.125,4.4,-0.8
137928.75,3.8,-2
137929.375,4.1,-2.9
137930,3.5,-3.8
137930.625,3.9,-5
137931.25,3.2,-6.7
137931.875,2.6,-8.7
137932.5,1.9,-10.8
137933.125,1.3,-12.6
137933.75,1.6,-14.1
137934.375,1,-15.4
137935,0.3,-16.9
137935.625,0.7,-18.8
137936.25,1,-21.1
137936.875,1.4,-23.2
137937.5,0.7,-24.9
137938.125,1.1,-26
137938.75,1.4,-26.7
137939.375,1.8,-27
137940,2.2,-27.5
137940.625,3.5,-28.1
137941.25,3.9,-28.7
137941.875,3.2,-29.4
137942.5,3.6,-30.2
137943.125,3,-31.2
137943.75,2.3,-32.5
137944.375,1.7,-34
137945,1,-35.2
137945.625,0.4,-36.3
137946.25,0.7,-37.2
137946.875,0.1,-38.4
137947.5,-0.6,-39.9
137948.125,-0.2,-41.2
137948.75,0.1,-42.1
137949.375,0.5,-42.7
137950,0.8,-43.1
137950.625,1.2,-43.3
137951.25,0.6,-43.5
137951.875,0.9,-44.1
137952.5,0.3,-45.2
137953.125,0.6,-46.5
137953.75,0,-47.7
137954.375,-0.6,-48.8
137955,-1.3,-50.2
137955.625,-2.9,-51.8
137956.25,-2.6,-53.8
137956.875,-3.2,-55.8
137957.5,-2.9,-57.5
137958.125,-3.5,-58.8
137958.75,-3.2,-59.7
137959.375,-3.8,-60.7
137960,-3.5,-62
137960.625,-3.1,-63.6
137961.25,-2.8,-65.5
137961.875,-2.4,-67.2
137962.5,-2,-68.6
137963.125,-2.7,-69.5
137963.75,-3.3,-70.4
137964.375,-4,-71.5
137965,-4.6,-72.9
137965.625,-5.3,-74.3
137966.25,-4.9,-75.3
137966.875,-5.6,-75.8
137967.5,-6.2,-75.9
137968.125,-5.8,-76.3
137968.75,-6.5,-77.1
137969.375,-6.1,-78.1
137970,-6.8,-79
137970.625,-6.4,-79.6
137971.25,-6.1,-79.9
137971.875,-5.7,-80.1
137972.5,-6.4,-80.5
137973.125,-5,-81.3
137973.75,-4.7,-82.1
137974.375,-5.3,-82.7
137975,-5,-83.3
137975.625,-4.6,-83.9
137976.25,-5.2,-84.5
137976.875,-4.9,-84.7
137977.5,-4.5,-84.7
137978.125,-5.2,-84.7
137978.75,-4.8,-85
137979.375,-5.5,-85.6
137980,-6.1,-86.4
137980.625,-5.7,-87.2
137981.25,-6.4,-87.8
137981.875,-6,-88.2
137982.5,-6.7,-88.4
137983.125,-6.3,-88.8
137983.75,-6,-89.8
137984.375,-5.6,-91.1
137985,-5.3,-92.2
137985.625,-4.9,-92.9
137986.25,-3.6,-93.2
137986.875,-3.2,-93.1
137987.5,-2.9,-92.9
137988.125,-2.5,-93.3
137988.75,-2.2,-94
137989.375,-1.8,-94.6
137990,-1.4,-94.9
137990.625,-1.1,-95
137991.25,-0.7,-95.2
137991.875,-0.4,-96
137992.5,0,-97.2
137993.125,0.4,-98.6
137993.75,-0.3,-99.9
137994.375,-0.9,-100.8
137995,-1.6,-101.1
137995.625,-1.2,-101.1
137996.25,-1.9,-101.1
137996.875,-1.5,-101.2
137997.5,-1.1,-101.9
137998.125,-1.8,-102.6
137998.75,-1.4,-103.2
137999.375,-2.1,-103.4