测量里程,中线北坐标X,中线东坐标Y,中线高程H
804900,3790886.987,481993.9987,41.7609
804901,3790886.002,481994.1752,41.7596
804902,3790885.018,481994.3516,41.7582
804903,3790884.034,481994.5281,41.7568
804904,3790883.049,481994.7044,41.7554
804905,3790882.065,481994.8804,41.7541
804906,3790881.081,481995.0565,41.7527
804907,3790880.096,481995.2332,41.7513
804908,3790879.112,481995.4103,41.7499
804909,3790878.128,481995.5869,41.7486
804910,3790877.144,481995.7632,41.7474
804911,3790876.159,481995.9394,41.7462
804912,3790875.175,481996.1152,41.745
804913,3790874.19,481996.2909,41.7437
804914,3790873.206,481996.4667,41.7425
804915,3790872.222,481996.6425,41.7414
804916,3790871.237,481996.8187,41.7404
804917,3790870.253,481996.9963,41.7396
804918,3790869.269,481997.1746,41.7389
804919,3790868.285,481997.3516,41.7378
804920,3790867.301,481997.5282,41.7359
804921,3790866.316,481997.7048,41.734
804922,3790865.332,481997.8811,41.7321
804923,3790864.348,481998.0573,41.7305
804924,3790863.363,481998.2335,41.7297
804925,3790862.379,481998.4097,41.729
804925.8715,3790861.521,481998.5633,41.7283
804926,3790861.395,481998.5859,41.7281
804927,3790860.41,481998.7622,41.7271
804928,3790859.426,481998.9386,41.726
804929,3790858.442,481999.115,41.725
804930,3790857.457,481999.2913,41.7239
804931,3790856.473,481999.4676,41.7229
804932,3790855.489,481999.6439,41.7218
804933,3790854.504,481999.8202,41.7208
804934,3790853.52,481999.9964,41.7197
804935,3790852.536,482000.1727,41.7187
804936,3790851.551,482000.3489,41.7176
804937,3790850.567,482000.5252,41.7166
804938,3790849.583,482000.7015,41.7155
804939,3790848.598,482000.8777,41.7145
804940,3790847.614,482001.054,41.7134
804941,3790846.629,482001.2303,41.7121
804942,3790845.645,482001.4065,41.7107
804943,3790844.661,482001.5828,41.7094
804944,3790843.676,482001.7591,41.7085
804945,3790842.692,482001.9353,41.7084
804946,3790841.708,482002.1116,41.7082
804947,3790840.723,482002.2879,41.7076
804948,3790839.739,482002.4641,41.706
804949,3790838.755,482002.6404,41.7043
804950,3790837.77,482002.8167,41.7031
804951,3790836.786,482002.9929,41.7026
804952,3790835.802,482003.1692,41.7011
804953,3790834.817,482003.3454,41.6997
804954,3790833.833,482003.5216,41.6981
804955,3790832.849,482003.6978,41.6963
804956,3790831.864,482003.8741,41.6945
804957,3790830.88,482004.0503,41.6925
804958,3790829.896,482004.2265,41.6904
804959,3790828.911,482004.4027,41.6885
804960,3790827.927,482004.579,41.6875
804961,3790826.943,482004.7552,41.6865
804962,3790825.958,482004.9314,41.6855
804963,3790824.974,482005.1076,41.6845
804964,3790823.99,482005.2839,41.6835
804965,3790823.005,482005.4601,41.6825
804966,3790822.021,482005.6363,41.6815
804967,3790821.036,482005.8125,41.6805
804968,3790820.052,482005.9887,41.6795
804969,3790819.068,482006.165,41.6785
804970,3790818.083,482006.3412,41.6775
804971,3790817.099,482006.5174,41.6765
804972,3790816.115,482006.6936,41.6755
804973,3790815.13,482006.8699,41.6744
804974,3790814.146,482007.0461,41.6734
804975,3790813.162,482007.2223,41.6724
804976,3790812.177,482007.3995,41.6714
804976.4101,3790811.774,482007.4721,41.671
804977,3790811.193,482007.5767,41.6704
804978,3790810.209,482007.754,41.6694
804979,3790809.225,482007.9313,41.6684
804980,3790808.241,482008.1086,41.6674
804981,3790807.257,482008.2859,41.6664
804982,3790806.273,482008.4632,41.6654
804983,3790805.288,482008.6405,41.6644
804984,3790804.304,482008.8178,41.6634
804985,3790803.32,482008.9938,41.6618
804986,3790802.336,482009.1704,41.6604
804987,3790801.351,482009.3472,41.6592
804988,3790800.367,482009.5235,41.6581
804989,3790799.383,482009.6998,41.6571
804990,3790798.398,482009.8763,41.6561
804991,3790797.414,482010.0526,41.6552
804992,3790796.43,482010.229,41.6547
804993,3790795.445,482010.4055,41.6539
804994,3790794.461,482010.5818,41.653
804995,3790793.477,482010.7582,41.6519
804996,3790792.492,482010.9346,41.6508
804997,3790791.508,482011.1113,41.6499
804998,3790790.524,482011.2872,41.6491
804999,3790789.539,482011.4633,41.6479
805000,3790788.555,482011.6397,41.6467
805001,3790787.571,482011.8163,41.6456
805002,3790786.586,482011.9929,41.6447
805003,3790785.602,482012.169,41.6441
805004,3790784.618,482012.3454,41.6434
805005,3790783.633,482012.5219,41.6428
805006,3790782.649,482012.6983,41.6423
805007,3790781.665,482012.8746,41.6417
805008,3790780.68,482013.0507,41.6411
805009,3790779.696,482013.2276,41.6404
805010,3790778.712,482013.4041,41.6398
805011,3790777.728,482013.5807,41.6391
805012,3790776.743,482013.7573,41.6385
805013,3790775.759,482013.9341,41.6378
805014,3790774.775,482014.1106,41.6372
805015,3790773.79,482014.287,41.6365
805016,3790772.806,482014.4637,41.6357
805017,3790771.822,482014.6403,41.6348
805018,3790770.838,482014.8167,41.634
805019,3790769.853,482014.9928,41.6331
805020,3790768.869,482015.1687,41.6323
805021,3790767.884,482015.3447,41.6322
805022,3790766.9,482015.5207,41.6321
805023,3790765.916,482015.6967,41.6313
805024,3790764.931,482015.8727,41.6302
805025,3790763.947,482016.0487,41.6297
805026,3790762.962,482016.2247,41.6294
805027,3790761.978,482016.4007,41.629
805028,3790760.994,482016.5765,41.6286
805029,3790760.009,482016.7522,41.6283
805030,3790759.025,482016.9275,41.6279
805031,3790758.04,482017.1026,41.6275
805032,3790757.056,482017.2775,41.6271
805032.1619,3790756.896,482017.3058,41.627
805033,3790756.071,482017.4524,41.6267
805034,3790755.086,482017.6273,41.6255
805035,3790754.102,482017.8021,41.624
805036,3790753.117,482017.9756,41.6225
805037,3790752.132,482018.1487,41.6211
805038,3790751.147,482018.3216,41.62
805039,3790750.162,482018.4942,41.6195
805040,3790749.177,482018.6666,41.6192
805041,3790748.192,482018.8387,41.6189
805042,3790747.207,482019.012,41.6186
805043,3790746.222,482019.1849,41.6183
805044,3790745.237,482019.3574,41.618
805045,3790744.252,482019.5294,41.6177
805046,3790743.267,482019.7,41.6173
805047,3790742.281,482019.8703,41.6168
805048,3790741.296,482020.0402,41.6163
805049,3790740.31,482020.2096,41.6156
805050,3790739.325,482020.3786,41.6149
805051,3790738.339,482020.5469,41.614
805052,3790737.353,482020.7147,41.6137
805053,3790736.367,482020.882,41.6136
805054,3790735.381,482021.0489,41.6134
805055,3790734.395,482021.2152,41.6131
805056,3790733.409,482021.3811,41.6127
805057,3790732.423,482021.5468,41.6122
805058,3790731.436,482021.712,41.6116
805059,3790730.45,482021.8766,41.6109
805060,3790729.464,482022.0407,41.6102
805061,3790728.477,482022.2041,41.6097
805062,3790727.49,482022.367,41.6092
805063,3790726.504,482022.5292,41.6085
805064,3790725.517,482022.6907,41.6084
805065,3790724.53,482022.8517,41.6085
805066,3790723.543,482023.0119,41.6084
805067,3790722.556,482023.1715,41.608
805068,3790721.568,482023.3303,41.6075
805069,3790720.581,482023.4885,41.6068
805070,3790719.593,482023.6459,41.6061
805071,3790718.606,482023.8026,41.6052
805072,3790717.618,482023.9585,41.6048
805072.347,3790717.275,482024.012,41.6048
805073,3790716.63,482024.1125,41.6048
805074,3790715.642,482024.2666,41.6048
805075,3790714.654,482024.4206,41.6042
805076,3790713.665,482024.5735,41.6023
805077,3790712.677,482024.7266,41.6014
805078,3790711.689,482024.8788,41.6006
805079,3790710.7,482025.0302,41.6
805080,3790709.712,482025.1806,41.5996
805081,3790708.723,482025.3301,41.5991
805082,3790707.734,482025.4786,41.5986
805083,3790706.745,482025.6266,41.598
805084,3790705.756,482025.7727,41.5975
805085,3790704.767,482025.9174,41.5969
805086,3790703.777,482026.0616,41.5963
805087,3790702.787,482026.2048,41.5958
805088,3790701.798,482026.347,41.5952
805089,3790700.808,482026.4882,41.5946
805090,3790699.817,482026.6284,41.5941
805091,3790698.827,482026.768,41.5935
805092,3790697.837,482026.9066,41.5929
805093,3790696.846,482027.0442,41.5923
805094,3790695.856,482027.1806,41.5917
805095,3790694.865,482027.3161,41.591
805096,3790693.874,482027.4515,41.5904
805097,3790692.883,482027.586,41.5897
805098,3790691.892,482027.7194,41.5891
805099,3790690.901,482027.8518,41.5884
805100,3790689.91,482027.983,41.5877
805101,3790688.918,482028.1131,41.5871
805102,3790687.927,482028.2413,41.5864
805103,3790686.935,482028.3681,41.5858
805104,3790685.943,482028.4936,41.5851
805105,3790684.95,482028.6177,41.5845
805106,3790683.958,482028.7407,41.5838
805107,3790682.965,482028.8626,41.5832
805108,3790681.973,482028.9834,41.5826
805109,3790680.98,482029.1032,41.5822
805110,3790679.987,482029.2221,41.5819
805110.5154,3790679.475,482029.2836,41.5818
805111,3790678.994,482029.3413,41.5814
805112,3790678.001,482029.4597,41.5806
805113,3790677.008,482029.577,41.5798
805114,3790676.015,482029.6933,41.579
805115,3790675.021,482029.8084,41.5782
805116,3790674.028,482029.9225,41.5766
805117,3790673.034,482030.0356,41.5741
805118,3790672.041,482030.1475,41.5717
805119,3790671.047,482030.2583,41.5696
805120,3790670.053,482030.3677,41.5686
805121,3790669.059,482030.4746,41.5677
805122,3790668.064,482030.5818,41.5676
805123,3790667.07,482030.6874,41.5671
805124,3790666.075,482030.7921,41.5665
805125,3790665.081,482030.8954,41.566
805126,3790664.086,482030.9979,41.5655
805127,3790663.091,482031.0995,41.5652
805128,3790662.096,482031.1999,41.5647
805129,3790661.101,482031.299,41.5642
805130,3790660.106,482031.3973,41.5637
805131,3790659.111,482031.4942,41.5634
805132,3790658.115,482031.5906,41.5631
805133,3790657.12,482031.6856,41.5628
805134,3790656.124,482031.7793,41.5625
805135,3790655.129,482031.8719,41.5622
805136,3790654.133,482031.9636,41.562
805137,3790653.137,482032.0538,41.5611
805138,3790652.141,482032.1436,41.5595
805139,3790651.145,482032.2325,41.5589
805140,3790650.149,482032.3199,41.5585
805141,3790649.152,482032.4064,41.5581
805142,3790648.156,482032.4919,41.5573
805143,3790647.16,482032.5761,41.557
805144,3790646.163,482032.6595,41.5565
805145,3790645.166,482032.7417,41.556
805146,3790644.17,482032.8228,41.5555
805147,3790643.173,482032.9029,41.5549
805148,3790642.176,482032.9817,41.5544
805149,3790641.179,482033.0595,41.5537
805150,3790640.182,482033.1363,41.5528
805151,3790639.185,482033.212,41.552
805152,3790638.188,482033.2868,41.5515
805153,3790637.19,482033.3604,41.5509
805154,3790636.193,482033.4329,41.5502
805155,3790635.195,482033.5043,41.5496
805156,3790634.198,482033.5747,41.5493
805157,3790633.2,482033.6439,41.5491
805158,3790632.203,482033.7121,41.5488
805159,3790631.205,482033.7792,41.5484
805160,3790630.207,482033.8452,41.5481
805161,3790629.209,482033.91,41.5478
805162,3790628.211,482033.9737,41.5474
805163,3790627.213,482034.0364,41.5471
805164,3790626.215,482034.0979,41.5462
805165,3790625.217,482034.1584,41.5454
805166,3790624.218,482034.2178,41.5448
805167,3790623.22,482034.2762,41.5443
805168,3790622.222,482034.3334,41.5437
805169,3790621.223,482034.3896,41.5432
805170,3790620.225,482034.4447,41.543
805171,3790619.226,482034.4987,41.5426
805172,3790618.228,482034.5517,41.542
805173,3790617.229,482034.6036,41.5414
805174,3790616.23,482034.6544,41.5408
805175,3790615.231,482034.7041,41.5402
805176,3790614.233,482034.7528,41.5397
805177,3790613.234,482034.8002,41.5393
805178,3790612.235,482034.8471,41.5389
805178.1625,3790612.072,482034.8547,41.5388
805179,3790611.236,482034.8938,41.5381
805180,3790610.237,482034.9392,41.5372
805181,3790609.238,482034.9827,41.5359
805182,3790608.239,482035.025,41.5351
805183,3790607.239,482035.0661,41.5345
805184,3790606.24,482035.1062,41.5338
805185,3790605.241,482035.1452,41.5332
805186,3790604.242,482035.1831,41.5326
805187,3790603.242,482035.22,41.5319
805188,3790602.243,482035.2557,41.5313
805189,3790601.243,482035.2904,41.5305
805190,3790600.244,482035.3241,41.5296
805191,3790599.244,482035.3566,41.5286
805192,3790598.245,482035.3881,41.5277
805193,3790597.245,482035.4185,41.5268
805194,3790596.246,482035.4478,41.5262
805195,3790595.246,482035.476,41.5255
805196,3790594.246,482035.5032,41.5248
805197,3790593.247,482035.5292,41.5242
805198,3790592.247,482035.5542,41.5235
805199,3790591.247,482035.5782,41.5228
805200,3790590.247,482035.601,41.5222
805201,3790589.248,482035.6228,41.5215
805202,3790588.248,482035.6435,41.5208
805203,3790587.248,482035.6631,41.5202
805204,3790586.248,482035.6816,41.5195
805205,3790585.248,482035.6991,41.5189
805206,3790584.248,482035.7155,41.5182
805207,3790583.248,482035.7308,41.5175
805208,3790582.248,482035.7449,41.5169
805209,3790581.248,482035.758,41.5162
805210,3790580.249,482035.7701,41.5156
805211,3790579.249,482035.7817,41.515
805212,3790578.249,482035.7922,41.5145
805213,3790577.249,482035.8016,41.514
805214,3790576.249,482035.8097,41.5135
805215,3790575.249,482035.8163,41.513
805216,3790574.249,482035.8218,41.5125
805217,3790573.248,482035.8262,41.512
805218,3790572.248,482035.8296,41.5115
805219,3790571.248,482035.8319,41.5109
805220,3790570.248,482035.8331,41.5103
805221,3790569.248,482035.8333,41.5096
805222,3790568.248,482035.8323,41.5091
805223,3790567.248,482035.8303,41.5085
805224,3790566.248,482035.8272,41.5079
805225,3790565.248,482035.8231,41.5074
805226,3790564.248,482035.8178,41.5068
805227,3790563.248,482035.8115,41.5063
805228,3790562.248,482035.8041,41.5057
805229,3790561.248,482035.7956,41.5051
805230,3790560.248,482035.7861,41.5046
805231,3790559.248,482035.7754,41.504
805232,3790558.248,482035.7637,41.5035
805232.6361,3790557.612,482035.7557,41.5027
805233,3790557.248,482035.7511,41.5022
805234,3790556.248,482035.7383,41.5017
805235,3790555.248,482035.7249,41.5016
805236,3790554.248,482035.7103,41.5016
805237,3790553.248,482035.6947,41.5016
805238,3790552.248,482035.6773,41.5018
805239,3790551.249,482035.6567,41.502
805240,3790550.249,482035.6351,41.5022
805241,3790549.249,482035.6134,41.5024
805242,3790548.249,482035.5919,41.5023
805243,3790547.249,482035.5687,41.5015
805244,3790546.25,482035.5439,41.5007
805245,3790545.25,482035.5178,41.4999
805246,3790544.25,482035.4911,41.4993
805247,3790543.25,482035.4633,41.4987
805248,3790542.251,482035.4345,41.4981
805249,3790541.251,482035.4049,41.4976
805250,3790540.252,482035.3741,41.4971
805251,3790539.252,482035.3423,41.4965
805252,3790538.253,482035.3098,41.4961
805253,3790537.253,482035.2758,41.4956
805254,3790536.254,482035.2406,41.4948
805255,3790535.254,482035.2046,41.4941
805256,3790534.255,482035.1676,41.4935
805257,3790533.255,482035.1295,41.4925
805258,3790532.256,482035.0909,41.4923
805259,3790531.257,482035.0517,41.4915
805260,3790530.258,482035.0122,41.4905
805261,3790529.258,482034.9712,41.4896
805262,3790528.259,482034.9292,41.4889
805263,3790527.26,482034.8868,41.4882
805264,3790526.261,482034.8436,41.4876
805265,3790525.262,482034.7994,41.4867
805266,3790524.263,482034.7549,41.4856
805267,3790523.264,482034.7104,41.4845
805268,3790522.265,482034.6653,41.4839
805269,3790521.266,482034.6192,41.4833
805270,3790520.267,482034.5729,41.4823
805271,3790519.268,482034.5261,41.4823
805272,3790518.269,482034.4789,41.4824
805273,3790517.27,482034.431,41.4822
805274,3790516.271,482034.3827,41.4813
805275,3790515.273,482034.3338,41.4803
805276,3790514.274,482034.2842,41.4793
805277,3790513.275,482034.2342,41.4784
805278,3790512.276,482034.1839,41.4774
805279,3790511.278,482034.1332,41.476
805280,3790510.279,482034.0821,41.4747
805281,3790509.28,482034.0309,41.474
805282,3790508.281,482033.979,41.4734
805283,3790507.283,482033.9264,41.4722
805284,3790506.284,482033.8734,41.4709
805284.62,3790505.665,482033.8404,41.4701
805285,3790505.286,482033.82,41.4696
805286,3790504.287,482033.7661,41.4683
805287,3790503.288,482033.7118,41.4659
805288,3790502.29,482033.6571,41.4642
805289,3790501.291,482033.6019,41.4632
805290,3790500.293,482033.5462,41.4621
805291,3790499.294,482033.4905,41.4598
805292,3790498.296,482033.4349,41.4573
805293,3790497.298,482033.378,41.4548
805294,3790496.299,482033.3203,41.4527
805295,3790495.301,482033.2621,41.4506
805296,3790494.303,482033.2035,41.4487
805297,3790493.304,482033.1448,41.4474
805298,3790492.306,482033.0858,41.4454
805299,3790491.308,482033.0266,41.4435
805300,3790490.309,482032.9681,41.4415
805301,3790489.311,482032.9081,41.4394
805302,3790488.313,482032.8467,41.4374
805303,3790487.315,482032.7847,41.4353
805304,3790486.317,482032.7223,41.4333
805305,3790485.319,482032.6594,41.4313
805306,3790484.321,482032.5964,41.4296
805307,3790483.323,482032.533,41.4266
805308,3790482.325,482032.4691,41.4236
805309,3790481.327,482032.4047,41.4205
805310,3790480.329,482032.3399,41.4183
805311,3790479.331,482032.2746,41.4158
805312,3790478.333,482032.2088,41.4127
805313,3790477.336,482032.1426,41.4105
805314,3790476.338,482032.0758,41.4083
805315,3790475.34,482032.0087,41.4063
805316,3790474.342,482031.9411,41.4044
805317,3790473.345,482031.8736,41.4026
805318,3790472.347,482031.8053,41.3998
805319,3790471.349,482031.7364,41.3969
805320,3790470.352,482031.6672,41.394
805321,3790469.354,482031.5974,41.3911
805322,3790468.357,482031.5272,41.3881
805323,3790467.359,482031.4565,41.3852
805324,3790466.362,482031.3853,41.3823
805325,3790465.364,482031.3131,41.3794
805326,3790464.367,482031.2405,41.3765
805327,3790463.37,482031.1678,41.3735
805328,3790462.372,482031.0947,41.3706
805329,3790461.375,482031.0211,41.3677
805330,3790460.378,482030.947,41.3648
805331,3790459.38,482030.8725,41.3621
805332,3790458.383,482030.7975,41.3595
805333,3790457.386,482030.722,41.3569
805334,3790456.389,482030.646,41.3542
805335,3790455.392,482030.5693,41.3516
805336,3790454.395,482030.492,41.3489
805337,3790453.398,482030.4143,41.3462
805338,3790452.401,482030.3365,41.3432
805339,3790451.404,482030.2587,41.3402
805340,3790450.407,482030.1804,41.3377
805341,3790449.41,482030.1016,41.3358
805342,3790448.413,482030.0224,41.334
805343,3790447.417,482029.9427,41.3321
805344,3790446.42,482029.8625,41.3307
805344.548,3790445.874,482029.8183,41.3293
805345,3790445.423,482029.7818,41.328
805346,3790444.426,482029.7006,41.3251
805347,3790443.43,482029.6189,41.3222
805348,3790442.433,482029.5367,41.3193
805349,3790441.436,482029.4541,41.3165
805350,3790440.44,482029.371,41.3136
805351,3790439.443,482029.2875,41.3107
805352,3790438.447,482029.2034,41.3078
805353,3790437.451,482029.1189,41.305
805354,3790436.454,482029.034,41.3021
805355,3790435.458,482028.9485,41.2992
805356,3790434.462,482028.8626,41.2964
805357,3790433.465,482028.7762,41.2935
805358,3790432.469,482028.6894,41.2906
805359,3790431.473,482028.6021,41.2877
805360,3790430.477,482028.5143,41.2849
805361,3790429.481,482028.426,41.282
805362,3790428.485,482028.3373,41.2791
805363,3790427.489,482028.2481,41.2763
805364,3790426.493,482028.1584,41.2731
805365,3790425.497,482028.068,41.2696
805366,3790424.501,482027.9773,41.2662
805367,3790423.505,482027.8882,41.2627
805368,3790422.509,482027.7976,41.2599
805369,3790421.513,482027.7056,41.256
805370,3790420.518,482027.6135,41.2533
805371,3790419.522,482027.5211,41.2508
805372,3790418.526,482027.4279,41.2485
805373,3790417.531,482027.3344,41.2458
805374,3790416.535,482027.24,41.2428
805375,3790415.54,482027.1451,41.2401
805376,3790414.544,482027.0499,41.2373
805377,3790413.549,482026.9547,41.2345
805378,3790412.553,482026.8583,41.2313
805379,3790411.558,482026.7613,41.2281
805380,3790410.563,482026.665,41.225
805381,3790409.567,482026.568,41.2225
805382,3790408.572,482026.4702,41.22
805383,3790407.577,482026.3715,41.2174
805384,3790406.582,482026.2725,41.2146
805385,3790405.587,482026.1736,41.2117
805386,3790404.592,482026.0744,41.2089
805387,3790403.597,482025.9737,41.2062
805388,3790402.602,482025.873,41.2035
805389,3790401.607,482025.7719,41.2007
805390,3790400.612,482025.6705,41.1985
805391,3790399.618,482025.5688,41.1963
805392,3790398.623,482025.4659,41.1936
805393,3790397.628,482025.3626,41.1911
805394,3790396.634,482025.2593,41.1886
805395,3790395.639,482025.1557,41.1855
805396,3790394.645,482025.0512,41.1826
805397,3790393.65,482024.9462,41.1799
805398,3790392.656,482024.8409,41.1769
805399,3790391.661,482024.7351,41.1737
805400,3790390.667,482024.6288,41.1708
805401,3790389.673,482024.522,41.168
805402,3790388.678,482024.4147,41.1652
805403,3790387.684,482024.307,41.1623
805404,3790386.69,482024.199,41.1601
805404.6164,3790386.077,482024.1324,41.1584
805405,3790385.696,482024.0908,41.1572
805406,3790384.702,482023.9819,41.1535
805407,3790383.708,482023.8726,41.1511
805408,3790382.714,482023.7627,41.1485
805409,3790381.72,482023.6525,41.1459
805410,3790380.726,482023.542,41.1434
805411,3790379.732,482023.431,41.1408
805412,3790378.739,482023.3196,41.1379
805413,3790377.745,482023.2078,41.1346
805414,3790376.751,482023.0954,41.1315
805415,3790375.758,482022.9826,41.1286
805416,3790374.764,482022.8694,41.1257
805417,3790373.771,482022.7556,41.1232
805418,3790372.777,482022.6405,41.1212
805419,3790371.784,482022.525,41.1188
805420,3790370.791,482022.4099,41.1161
805421,3790369.797,482022.2943,41.1134
805422,3790368.804,482022.1783,41.1108
805423,3790367.811,482022.0618,41.1081
805424,3790366.818,482021.9448,41.1054
805425,3790365.825,482021.8274,41.1028
805426,3790364.832,482021.7094,41.1002
805427,3790363.839,482021.5911,41.0975
805428,3790362.846,482021.4722,41.0945
805429,3790361.853,482021.3529,41.0916
805430,3790360.86,482021.2331,41.0886
805431,3790359.868,482021.1128,41.0857
805432,3790358.875,482020.992,41.0827
805433,3790357.882,482020.8706,41.0798
805434,3790356.89,482020.7489,41.0768
805435,3790355.897,482020.6266,41.074
805436,3790354.905,482020.5037,41.0723
805437,3790353.913,482020.38,41.0698
805438,3790352.92,482020.2561,41.0668
805439,3790351.928,482020.132,41.0635
805440,3790350.936,482020.0078,41.0602
805441,3790349.944,482019.8837,41.057
805442,3790348.951,482019.7595,41.054
805443,3790347.959,482019.6339,41.0515
805444,3790346.967,482019.5063,41.0491
805445,3790345.976,482019.3788,41.0466
805446,3790344.984,482019.2519,41.0441
805447,3790343.992,482019.1247,41.0416
805448,3790343,482018.997,41.0391
805449,3790342.008,482018.869,41.0367
805450,3790341.016,482018.7405,41.0342
805451,3790340.025,482018.6116,41.0317
805452,3790339.033,482018.4823,41.0292
805453,3790338.042,482018.3526,41.0267
805454,3790337.05,482018.2224,41.0242
805455,3790336.059,482018.092,41.0216
805456,3790335.067,482017.9613,41.019
805457,3790334.076,482017.8303,41.0165
805458,3790333.085,482017.6989,41.0141
805459,3790332.093,482017.5671,41.0118
805459.4923,3790331.605,482017.5021,41.0107
805460,3790331.102,482017.435,41.0096
805461,3790330.111,482017.3025,41.0069
805462,3790329.12,482017.1697,41.0036
805463,3790328.129,482017.0366,41.0004
805464,3790327.138,482016.9032,40.9973
805465,3790326.147,482016.7694,40.9942
805466,3790325.156,482016.6353,40.9913
805467,3790324.165,482016.5009,40.9884
805468,3790323.174,482016.3662,40.9857
805469,3790322.183,482016.2313,40.983
805470,3790321.192,482016.096,40.9805
805471,3790320.201,482015.9605,40.978
805472,3790319.211,482015.8247,40.9757
805473,3790318.22,482015.6886,40.9734
805474,3790317.229,482015.5523,40.9709
805475,3790316.239,482015.4152,40.968
805476,3790315.248,482015.2764,40.9649
805477,3790314.258,482015.1388,40.9617
805478,3790313.267,482015.0015,40.9586
805479,3790312.277,482014.864,40.9555
805480,3790311.286,482014.7263,40.9524
805481,3790310.296,482014.5884,40.9494
805482,3790309.306,482014.4502,40.9464
805483,3790308.315,482014.3119,40.9434
805484,3790307.325,482014.1734,40.9405
805485,3790306.334,482014.0347,40.9375
805486,3790305.344,482013.8958,40.9345
805487,3790304.354,482013.7566,40.9316
805488,3790303.364,482013.6172,40.9286
805489,3790302.373,482013.4776,40.9256
805490,3790301.383,482013.3378,40.9227
805491,3790300.393,482013.198,40.9197
805492,3790299.403,482013.0579,40.9167
805493,3790298.413,482012.9178,40.9138
805494,3790297.423,482012.7775,40.9108
805495,3790296.433,482012.6371,40.9078
805496,3790295.442,482012.4966,40.9049
805497,3790294.452,482012.356,40.9019
805498,3790293.462,482012.2153,40.899
805499,3790292.472,482012.0745,40.896
805500,3790291.482,482011.9336,40.893
805501,3790290.492,482011.7927,40.8906
805502,3790289.502,482011.6516,40.8893
805503,3790288.512,482011.5106,40.8865
805504,3790287.522,482011.3694,40.8837
805505,3790286.532,482011.2282,40.8809
805506,3790285.542,482011.087,40.8781
805507,3790284.552,482010.9456,40.8751
805508,3790283.562,482010.8033,40.8719
805509,3790282.573,482010.6609,40.8691
805510,3790281.583,482010.5191,40.8665
805511,3790280.593,482010.3776,40.8639
805512,3790279.603,482010.2358,40.8613
805513,3790278.613,482010.0941,40.859
805514,3790277.623,482009.9517,40.8568
805515,3790276.633,482009.8097,40.855
805515.1054,3790276.529,482009.7947,40.8547
805516,3790275.643,482009.668,40.8516
805517,3790274.654,482009.5262,40.8484
805518,3790273.664,482009.3845,40.8455
805519,3790272.674,482009.2426,40.8433
805520,3790271.684,482009.1006,40.8411
805521,3790270.694,482008.9581,40.839
805522,3790269.704,482008.8156,40.8365
805523,3790268.715,482008.6733,40.8335
805524,3790267.725,482008.5312,40.8309
805525,3790266.735,482008.3892,40.8283
805526,3790265.745,482008.2471,40.8264
805527,3790264.755,482008.1051,40.8238
805528,3790263.765,482007.963,40.8209
805529,3790262.775,482007.8208,40.8184
805530,3790261.786,482007.6787,40.816
805531,3790260.796,482007.5367,40.8137
805532,3790259.806,482007.3948,40.8107
805533,3790258.816,482007.2524,40.8076
805534,3790257.826,482007.11,40.8045
805535,3790256.836,482006.9681,40.8014
805536,3790255.846,482006.8259,40.7983
805537,3790254.857,482006.6837,40.7953
805538,3790253.867,482006.5416,40.7922
805539,3790252.877,482006.3997,40.7892
805540,3790251.887,482006.2576,40.7863
805541,3790250.897,482006.1155,40.7838
805542,3790249.907,482005.9735,40.7811
805543,3790248.917,482005.8314,40.7783
805544,3790247.928,482005.6894,40.7755
805545,3790246.938,482005.5473,40.7728
805546,3790245.948,482005.4052,40.77
805547,3790244.958,482005.2629,40.7672
805548,3790243.968,482005.1203,40.7645
805549,3790242.978,482004.9777,40.7617
805550,3790241.989,482004.8362,40.7592
805551,3790240.999,482004.6954,40.7568
805552,3790240.008,482004.5546,40.7549
805553,3790239.019,482004.4133,40.7531
805554,3790238.029,482004.2702,40.7501
805555,3790237.039,482004.1272,40.7475
805556,3790236.049,482003.9847,40.745
805557,3790235.059,482003.8422,40.7424
805558,3790234.07,482003.6997,40.7403
805559,3790233.08,482003.5574,40.7382
805560,3790232.09,482003.4155,40.7341
805561,3790231.1,482003.2737,40.7319
805562,3790230.11,482003.1316,40.7296
805563,3790229.12,482002.989,40.7274
805564,3790228.131,482002.8466,40.7252
805565,3790227.141,482002.7043,40.7229
805566,3790226.151,482002.5619,40.7206
805567,3790225.161,482002.4192,40.718
805568,3790224.171,482002.2765,40.7151
805569,3790223.182,482002.135,40.7122
805570,3790222.192,482001.9934,40.7093
805571,3790221.202,482001.851,40.7064
805572,3790220.212,482001.7086,40.7036
805573,3790219.222,482001.5661,40.7007
805574,3790218.232,482001.4237,40.6978
805574.77,3790217.47,482001.3141,40.6958
805575,3790217.243,482001.2814,40.6952
805576,3790216.253,482001.1393,40.693
805577,3790215.263,482000.9972,40.691
805578,3790214.273,482000.8552,40.689
805579,3790213.283,482000.7131,40.687
805580,3790212.293,482000.571,40.685
805581,3790211.303,482000.429,40.683
805582,3790210.314,482000.2869,40.681
805583,3790209.324,482000.1448,40.679
805584,3790208.334,482000.0028,40.677
805585,3790207.344,481999.8607,40.6751
805586,3790206.354,481999.7186,40.6731
805587,3790205.364,481999.5765,40.6711
805588,3790204.374,481999.4345,40.6692
805589,3790203.385,481999.2924,40.6672
805590,3790202.395,481999.1503,40.6652
805591,3790201.405,481999.0083,40.6633
805592,3790200.415,481998.8662,40.6613
805593,3790199.425,481998.7241,40.6596
805594,3790198.435,481998.582,40.6583
805595,3790197.445,481998.44,40.6569
805596,3790196.456,481998.2979,40.6555
805597,3790195.466,481998.1558,40.6542
805598,3790194.476,481998.0143,40.6528
805599,3790193.486,481997.8729,40.6515
805600,3790192.496,481997.7315,40.6501
805601,3790191.506,481997.5901,40.6487
805602,3790190.516,481997.4486,40.6474
805603,3790189.526,481997.3072,40.646
805604,3790188.536,481997.1656,40.6446
805605,3790187.546,481997.0232,40.6433
805606,3790186.556,481996.8808,40.6419
805607,3790185.567,481996.7384,40.6406
805608,3790184.577,481996.596,40.6394
805609,3790183.587,481996.4536,40.6383
805610,3790182.597,481996.3112,40.6372
805611,3790181.607,481996.1688,40.6361
805612,3790180.618,481996.0263,40.635
805613,3790179.628,481995.8839,40.6339
805614,3790178.638,481995.7415,40.6328
805615,3790177.648,481995.5991,40.6317
805616,3790176.658,481995.4567,40.6306
805617,3790175.669,481995.3143,40.6295
805618,3790174.679,481995.1719,40.6284
805619,3790173.689,481995.0294,40.6273
805620,3790172.699,481994.887,40.6262
805621,3790171.709,481994.7446,40.6251
805622,3790170.719,481994.6029,40.624
805623,3790169.73,481994.4616,40.6228
805624,3790168.74,481994.3202,40.6217
805625,3790167.75,481994.1789,40.6206
805626,3790166.76,481994.0376,40.6195
805627,3790165.77,481993.8962,40.6184
805628,3790164.78,481993.7542,40.6168
805629,3790163.79,481993.6111,40.6149
805630,3790162.8,481993.4679,40.613
805631,3790161.811,481993.3251,40.6111
805632,3790160.821,481993.1831,40.6091
805633,3790159.831,481993.041,40.6072
805634,3790158.841,481992.899,40.6053
805634.2344,3790158.609,481992.8657,40.605
805635,3790157.851,481992.7569,40.6042
805636,3790156.861,481992.6149,40.6031
805637,3790155.871,481992.4729,40.602
805638,3790154.882,481992.3308,40.6009
805639,3790153.892,481992.1888,40.5998
805640,3790152.902,481992.0467,40.5988
805641,3790151.912,481991.9047,40.5977
805642,3790150.922,481991.7627,40.5966
805643,3790149.932,481991.6206,40.5955
805644,3790148.942,481991.4786,40.5944
805645,3790147.953,481991.3365,40.5933
805646,3790146.963,481991.1945,40.5923
805647,3790145.973,481991.0525,40.5912
805648,3790144.983,481990.9107,40.5905
805649,3790143.993,481990.7683,40.5894
805650,3790143.003,481990.626,40.5882
805651,3790142.014,481990.4838,40.5873
805652,3790141.024,481990.3417,40.5859
805653,3790140.034,481990.2,40.5845
805654,3790139.044,481990.0582,40.5828
805655,3790138.054,481989.9157,40.5818
805656,3790137.064,481989.773,40.5801
805657,3790136.074,481989.6305,40.5796
805658,3790135.085,481989.4884,40.579
805659,3790134.095,481989.3464,40.5783
805660,3790133.105,481989.2042,40.5774
805661,3790132.115,481989.0619,40.5765
805662,3790131.125,481988.9193,40.5756
805663,3790130.135,481988.7774,40.5746
805664,3790129.146,481988.6359,40.5736
805665,3790128.156,481988.4943,40.5725
805666,3790127.166,481988.3521,40.5716
805667,3790126.176,481988.2099,40.5708
805668,3790125.186,481988.0678,40.5696
805669,3790124.196,481987.926,40.5681
805670,3790123.206,481987.7839,40.5673
805671,3790122.216,481987.6417,40.5664
805672,3790121.227,481987.4996,40.5655
805673,3790120.237,481987.3572,40.565
805674,3790119.247,481987.2151,40.5639
805675,3790118.257,481987.0729,40.5626
805676,3790117.267,481986.9309,40.5613
805677,3790116.277,481986.7892,40.56
805678,3790115.287,481986.6472,40.5586
805679,3790114.298,481986.5051,40.5576
805680,3790113.308,481986.3632,40.5572
805681,3790112.318,481986.2215,40.5571
805682,3790111.328,481986.0793,40.5562
805683,3790110.338,481985.9369,40.5553
805684,3790109.348,481985.7949,40.5538
805685,3790108.358,481985.6529,40.5522
805686,3790107.369,481985.5103,40.5508
805687,3790106.379,481985.3679,40.5497
805688,3790105.389,481985.226,40.5486
805689,3790104.399,481985.084,40.5476
805690,3790103.409,481984.9419,40.5461
805691,3790102.419,481984.7996,40.5451
805692,3790101.43,481984.6566,40.5441
805693,3790100.44,481984.5139,40.5433
805694,3790099.45,481984.3714,40.5425
805694.1551,3790099.297,481984.3493,40.5424
805695,3790098.46,481984.2292,40.5417
805696,3790097.47,481984.0878,40.5409
805697,3790096.48,481983.9462,40.5401
805698,3790095.491,481983.8042,40.5393
805699,3790094.501,481983.6621,40.5385
805700,3790093.511,481983.5198,40.5377
805701,3790092.521,481983.3775,40.5368
805702,3790091.531,481983.2355,40.536
805703,3790090.541,481983.0937,40.5351
805704,3790089.551,481982.9519,40.5343
805705,3790088.562,481982.81,40.5334
805706,3790087.572,481982.6679,40.5326
805707,3790086.582,481982.5259,40.5317
805708,3790085.592,481982.3838,40.5309
805709,3790084.602,481982.2417,40.53
805710,3790083.612,481982.0996,40.5292
805711,3790082.622,481981.9575,40.5283
805712,3790081.633,481981.8154,40.5275
805713,3790080.643,481981.6733,40.5266
805714,3790079.653,481981.5313,40.5257
805715,3790078.663,481981.3892,40.5249
805716,3790077.673,481981.2465,40.524
805717,3790076.684,481981.1035,40.5232
805718,3790075.694,481980.9618,40.5223
805719,3790074.704,481980.82,40.5214
805720,3790073.714,481980.6783,40.5206
805721,3790072.724,481980.5364,40.5197
805722,3790071.734,481980.3946,40.5188
805723,3790070.744,481980.2527,40.5179
805724,3790069.754,481980.1109,40.5171
805725,3790068.764,481979.9691,40.5162
805726,3790067.774,481979.8273,40.5153
805727,3790066.785,481979.6855,40.5144
805728,3790065.795,481979.5437,40.5136
805729,3790064.805,481979.4019,40.5129
805730,3790063.815,481979.2599,40.5132
805731,3790062.825,481979.1167,40.5135
805732,3790061.836,481978.9732,40.5113
805733,3790060.846,481978.8301,40.5096
805734,3790059.856,481978.6891,40.5087
805735,3790058.866,481978.5471,40.508
805736,3790057.876,481978.4052,40.507
805737,3790056.886,481978.2632,40.5055
805738,3790055.896,481978.1213,40.504
805739,3790054.906,481977.9793,40.5028
805740,3790053.917,481977.8374,40.5015
805741,3790052.927,481977.6954,40.5003
805742,3790051.937,481977.5535,40.4992
805743,3790050.947,481977.4116,40.4982
805744,3790049.957,481977.2695,40.4972
805745,3790048.967,481977.127,40.4962
805746,3790047.978,481976.9845,40.4952
805747,3790046.988,481976.842,40.4939
805748,3790045.998,481976.6995,40.4925
805749,3790045.008,481976.557,40.491
805750,3790044.018,481976.4144,40.4896
805751,3790043.029,481976.2719,40.4881
805752,3790042.039,481976.1294,40.4867
805753,3790041.049,481975.9869,40.4858
805754,3790040.059,481975.8444,40.486
805754.4474,3790039.616,481975.7806,40.4861
805755,3790039.069,481975.7023,40.4862
805756,3790038.079,481975.5606,40.486
805757,3790037.089,481975.4189,40.4855
805758,3790036.1,481975.2772,40.485
805759,3790035.11,481975.1356,40.4846
805760,3790034.12,481974.9939,40.4841
805761,3790033.13,481974.8522,40.4836
805762,3790032.14,481974.7106,40.4831
805763,3790031.15,481974.5689,40.4825
805764,3790030.16,481974.4272,40.4818
805765,3790029.17,481974.2856,40.481
805766,3790028.18,481974.1439,40.4802
805767,3790027.19,481974.0019,40.4792
805768,3790026.201,481973.8596,40.4782
805769,3790025.211,481973.7173,40.4772
805770,3790024.221,481973.575,40.4761
805771,3790023.231,481973.4322,40.4751
805772,3790022.241,481973.2895,40.4741
805773,3790021.252,481973.1472,40.4731
805774,3790020.262,481973.0049,40.4721
805775,3790019.272,481972.8626,40.4711
805776,3790018.282,481972.7203,40.4701
805777,3790017.292,481972.578,40.4691
805778,3790016.302,481972.4357,40.4681
805779,3790015.313,481972.2934,40.4671
805780,3790014.323,481972.1511,40.4661
805781,3790013.333,481972.0088,40.4651
805782,3790012.343,481971.8665,40.4641
805783,3790011.353,481971.7242,40.463
805784,3790010.364,481971.5819,40.462
805785,3790009.374,481971.4396,40.461
805786,3790008.384,481971.2973,40.4601
805787,3790007.394,481971.155,40.4591
805788,3790006.404,481971.0127,40.4581
805789,3790005.414,481970.8704,40.4572
805790,3790004.425,481970.7281,40.4562
805791,3790003.435,481970.5858,40.4553
805792,3790002.445,481970.4435,40.4543
805793,3790001.455,481970.3012,40.4534
805794,3790000.465,481970.1589,40.4524
805795,3789999.475,481970.0166,40.4514
805796,3789998.486,481969.8743,40.4505
805797,3789997.496,481969.732,40.4495
805798,3789996.506,481969.59,40.4487
805799,3789995.516,481969.4479,40.4482
805800,3789994.526,481969.3057,40.448
805801,3789993.536,481969.1632,40.4477
805802,3789992.547,481969.0212,40.4471
805803,3789991.557,481968.8797,40.4468
805804,3789990.567,481968.7382,40.4456
805805,3789989.577,481968.5962,40.4447
805806,3789988.587,481968.4542,40.4445
805807,3789987.597,481968.312,40.4444
805808,3789986.607,481968.1701,40.4441
805809,3789985.617,481968.0277,40.4437
805810,3789984.628,481967.8856,40.4433
805811,3789983.638,481967.7438,40.4426
805812,3789982.648,481967.6017,40.4419
805813,3789981.658,481967.4596,40.4412
805814,3789980.668,481967.3175,40.4406
805815,3789979.678,481967.1756,40.4398
805816,3789978.688,481967.0338,40.4391
805817,3789977.699,481966.8917,40.4384
805818,3789976.709,481966.7496,40.4377
805819,3789975.719,481966.6076,40.4371
805820,3789974.729,481966.4656,40.4362
805821,3789973.739,481966.3232,40.436
805822,3789972.749,481966.1816,40.4351
805823,3789971.759,481966.0397,40.4338
805824,3789970.77,481965.8972,40.4333
805825,3789969.78,481965.7549,40.433
805826,3789968.79,481965.6128,40.4325
805827,3789967.8,481965.4707,40.4317
805828,3789966.81,481965.3285,40.4313
805829,3789965.82,481965.1862,40.4307
805830,3789964.831,481965.0435,40.4301
805831,3789963.841,481964.9017,40.4291
805832,3789962.851,481964.7603,40.428
805833,3789961.861,481964.6181,40.427
805834,3789960.871,481964.4758,40.4263
805835,3789959.881,481964.3336,40.4257
805836,3789958.891,481964.1913,40.4251
805837,3789957.902,481964.0492,40.4245
805838,3789956.912,481963.908,40.424
805839,3789955.922,481963.7659,40.4235
805840,3789954.932,481963.6236,40.4228
805841,3789953.942,481963.4812,40.422
805842,3789952.952,481963.339,40.4213
805843,3789951.962,481963.1969,40.4206
805844,3789950.972,481963.0553,40.4199
805845,3789949.983,481962.9123,40.4191
805846,3789948.993,481962.7694,40.4184
805847,3789948.003,481962.6272,40.4177
805848,3789947.013,481962.4851,40.417
805849,3789946.023,481962.343,40.416
805850,3789945.034,481962.2009,40.415
805851,3789944.044,481962.0588,40.414
805852,3789943.054,481961.9166,40.4129
805853,3789942.064,481961.7745,40.4124
805854,3789941.074,481961.6324,40.4123
805855,3789940.084,481961.4903,40.4122
805856,3789939.095,481961.3482,40.4118
805857,3789938.105,481961.2061,40.4113
805858,3789937.115,481961.064,40.4107
805859,3789936.125,481960.9219,40.4102
805860,3789935.135,481960.7798,40.4097
805861,3789934.145,481960.6376,40.4091
805862,3789933.155,481960.495,40.4086
805863,3789932.166,481960.3524,40.4081
805864,3789931.176,481960.2109,40.4069
805864.323,3789930.856,481960.1652,40.4065
805865,3789930.186,481960.0692,40.406
805866,3789929.196,481959.927,40.4054
805867,3789928.206,481959.7847,40.4048
805868,3789927.216,481959.6424,40.4042
805869,3789926.227,481959.5001,40.4036
805870,3789925.237,481959.3578,40.403
805871,3789924.247,481959.2157,40.4023
805872,3789923.257,481959.074,40.4014
805873,3789922.267,481958.9324,40.4005
805874,3789921.277,481958.7908,40.3996
805875,3789920.287,481958.6489,40.3987
805876,3789919.298,481958.5059,40.3978
805877,3789918.308,481958.3637,40.397
805878,3789917.318,481958.2217,40.3962
805879,3789916.328,481958.0796,40.3955
805880,3789915.338,481957.9372,40.3948
805881,3789914.348,481957.7948,40.3941
805882,3789913.359,481957.6524,40.3934
805883,3789912.369,481957.51,40.3927
805884,3789911.379,481957.3676,40.392
805885,3789910.389,481957.2255,40.3913
805886,3789909.399,481957.0835,40.3906
805887,3789908.409,481956.9415,40.3899
805888,3789907.419,481956.7995,40.3891
805889,3789906.43,481956.6575,40.3884
805890,3789905.44,481956.5155,40.3877
805891,3789904.45,481956.3736,40.387
805892,3789903.46,481956.2316,40.3863
805893,3789902.47,481956.0891,40.3856
805894,3789901.48,481955.9464,40.3849
805895,3789900.491,481955.8036,40.3842
805896,3789899.501,481955.662,40.3837
805897,3789898.511,481955.521,40.3833
805898,3789897.521,481955.3794,40.3829
805899,3789896.531,481955.2376,40.3825
805900,3789895.541,481955.096,40.3821
805901,3789894.551,481954.9543,40.3817
805902,3789893.561,481954.8126,40.3813
805903,3789892.571,481954.6707,40.3809
805904,3789891.581,481954.5284,40.3805
805905,3789890.592,481954.3861,40.3801
805906,3789889.602,481954.2438,40.3797
805907,3789888.612,481954.1015,40.3793
805908,3789887.622,481953.9592,40.3789
805909,3789886.632,481953.8169,40.3783
805910,3789885.643,481953.6746,40.3776
805911,3789884.653,481953.5322,40.3769
805912,3789883.663,481953.3899,40.3762
805913,3789882.673,481953.2476,40.3755
805914,3789881.683,481953.1053,40.3749
805915,3789880.693,481952.963,40.3742
805916,3789879.704,481952.8207,40.3735
805917,3789878.714,481952.6784,40.3728
805918,3789877.724,481952.5361,40.3721
805918.794,3789876.938,481952.4233,40.3715
805919,3789876.734,481952.3941,40.3714
805920,3789875.744,481952.2519,40.371
805921,3789874.754,481952.1097,40.3703
805922,3789873.764,481951.9681,40.3695
805923,3789872.775,481951.8262,40.3688
805924,3789871.785,481951.6836,40.3683
805925,3789870.795,481951.5414,40.3679
805926,3789869.805,481951.3989,40.3676
805927,3789868.815,481951.2571,40.367
805928,3789867.825,481951.1153,40.3662
805929,3789866.836,481950.9732,40.3653
805930,3789865.846,481950.8306,40.365
805931,3789864.856,481950.6884,40.3648
805932,3789863.866,481950.5466,40.3648
805933,3789862.876,481950.4048,40.3645
805934,3789861.886,481950.2625,40.3642
805935,3789860.897,481950.12,40.3632
805936,3789859.907,481949.9779,40.3624
805937,3789858.917,481949.8358,40.3617
805938,3789857.927,481949.6931,40.3617
805939,3789856.937,481949.5505,40.361
805940,3789855.947,481949.4084,40.3603
805941,3789854.958,481949.2666,40.3598
805942,3789853.968,481949.1248,40.3591
805943,3789852.978,481948.9825,40.3585
805944,3789851.988,481948.84,40.3578
805945,3789850.998,481948.6976,40.3572
805946,3789850.008,481948.5554,40.3569
805947,3789849.019,481948.4129,40.3562
805948,3789848.029,481948.2707,40.3556
805949,3789847.039,481948.1285,40.3549
805950,3789846.049,481947.9863,40.3543
805951,3789845.059,481947.8442,40.3534
805952,3789844.069,481947.7021,40.3532
805953,3789843.079,481947.5601,40.3524
805954,3789842.09,481947.418,40.3511
805955,3789841.1,481947.276,40.3497
805956,3789840.11,481947.1336,40.3483
805957,3789839.12,481946.991,40.3473
805958,3789838.13,481946.8488,40.3471
805959,3789837.14,481946.7069,40.3467
805960,3789836.151,481946.565,40.3464
805961,3789835.161,481946.423,40.3458
805962,3789834.171,481946.2811,40.345
805963,3789833.181,481946.1392,40.3442
805964,3789832.191,481945.9971,40.3427
805965,3789831.201,481945.8549,40.3414
805966,3789830.211,481945.7127,40.3402
805967,3789829.222,481945.5705,40.34
805968,3789828.232,481945.4283,40.3399
805969,3789827.242,481945.2861,40.3393
805970,3789826.252,481945.1439,40.3386
805971,3789825.262,481945.0011,40.3382
805972,3789824.273,481944.8587,40.3378
805973,3789823.283,481944.7167,40.3374
805974,3789822.293,481944.5747,40.337
805975,3789821.303,481944.4326,40.3366
805976,3789820.313,481944.2906,40.3361
805977,3789819.323,481944.1486,40.3356
805978,3789818.333,481944.0066,40.3349
805979,3789817.343,481943.8646,40.3344
805980,3789816.354,481943.7226,40.3338
805981,3789815.364,481943.5806,40.3331
805982,3789814.374,481943.4384,40.3323
805983,3789813.384,481943.2963,40.332
805984,3789812.394,481943.1541,40.3315
805985,3789811.404,481943.0119,40.331
805986,3789810.415,481942.8697,40.3303
805987,3789809.425,481942.7275,40.3296
805988,3789808.435,481942.5853,40.3287
805989,3789807.445,481942.4431,40.3278
805990,3789806.455,481942.301,40.3267
805991,3789805.465,481942.1588,40.3258
805992,3789804.475,481942.0166,40.3249
805993,3789803.486,481941.8744,40.3242
805994,3789802.496,481941.7322,40.3239
805995,3789801.506,481941.59,40.3234
805996,3789800.516,481941.4479,40.3229
805997,3789799.526,481941.306,40.3222
805998,3789798.536,481941.1641,40.3217
805999,3789797.546,481941.0221,40.3213
806000,3789796.557,481940.8802,40.3207
806001,3789795.567,481940.7383,40.3201
806002,3789794.577,481940.5964,40.3193
806003,3789793.587,481940.4545,40.3186
806004,3789792.597,481940.3131,40.3184
806005,3789791.607,481940.1711,40.3181
806006,3789790.617,481940.0292,40.3176
806007,3789789.627,481939.8869,40.3171
806008,3789788.638,481939.7447,40.3165
806009,3789787.648,481939.6024,40.3159
806010,3789786.658,481939.4601,40.3153
806011,3789785.668,481939.3178,40.3147
806012,3789784.678,481939.1756,40.3141
806013,3789783.688,481939.0333,40.3135
806014,3789782.699,481938.891,40.3128
806015,3789781.709,481938.7487,40.312
806016,3789780.719,481938.6064,40.3111
806017,3789779.729,481938.4642,40.3101
806018,3789778.739,481938.3219,40.309
806019,3789777.749,481938.1796,40.3085
806020,3789776.76,481938.0373,40.3076
806021,3789775.77,481937.895,40.306
806022,3789774.78,481937.753,40.3042
806023,3789773.79,481937.611,40.3019
806024,3789772.8,481937.4689,40.2996
806025,3789771.81,481937.3269,40.2971
806026,3789770.821,481937.1849,40.2946
806027,3789769.831,481937.0428,40.2932
806028,3789768.841,481936.9012,40.2921
806029,3789767.851,481936.7593,40.2912
806030,3789766.861,481936.6168,40.2906
806031,3789765.871,481936.4743,40.2899
806032,3789764.881,481936.332,40.289
806033,3789763.892,481936.1895,40.2886
806034,3789762.902,481936.0465,40.2882
806035,3789761.912,481935.9046,40.288
806036,3789760.922,481935.7626,40.2876
806037,3789759.932,481935.6207,40.2874
806038,3789758.943,481935.4782,40.2877
806038.105,3789758.839,481935.4632,40.2877
806039,3789757.953,481935.3355,40.2881
806040,3789756.963,481935.1924,40.2888
806041,3789755.973,481935.0505,40.2888
806042,3789754.983,481934.9088,40.2878
806043,3789753.993,481934.7664,40.2867
806044,3789753.004,481934.624,40.2855
806045,3789752.014,481934.4816,40.2846
806046,3789751.024,481934.3393,40.2842
806047,3789750.034,481934.1973,40.2837
806048,3789749.044,481934.0552,40.2834
806049,3789748.054,481933.9131,40.2833
806050,3789747.065,481933.771,40.2833
806051,3789746.075,481933.6289,40.2831
806052,3789745.085,481933.4869,40.2828
806053,3789744.095,481933.3449,40.2823
806054,3789743.105,481933.2028,40.2817
806055,3789742.115,481933.0603,40.2811
806056,3789741.126,481932.9181,40.2804
806057,3789740.136,481932.7763,40.2797
806058,3789739.146,481932.634,40.2789
806059,3789738.156,481932.4917,40.2785
806060,3789737.166,481932.3494,40.2782
806061,3789736.176,481932.2071,40.2778
806062,3789735.186,481932.0648,40.2774
806063,3789734.197,481931.9224,40.2768
806064,3789733.207,481931.7801,40.2764
806065,3789732.217,481931.6375,40.276
806066,3789731.227,481931.4949,40.2755
806067,3789730.237,481931.3526,40.275
806068,3789729.248,481931.2105,40.2745
806069,3789728.258,481931.0684,40.2739
806070,3789727.268,481930.9263,40.2734
806071,3789726.278,481930.7842,40.2725
806072,3789725.288,481930.6419,40.2714
806073,3789724.298,481930.4996,40.2703
806074,3789723.309,481930.3573,40.2696
806075,3789722.319,481930.2149,40.2687
806076,3789721.329,481930.0726,40.2677
806077,3789720.339,481929.9302,40.2668
806078,3789719.349,481929.7879,40.2659
806079,3789718.36,481929.6455,40.2649
806080,3789717.37,481929.5032,40.264
806081,3789716.38,481929.3604,40.2631
806082,3789715.39,481929.2176,40.2622
806083,3789714.4,481929.0749,40.2612
806084,3789713.411,481928.9321,40.2603
806085,3789712.421,481928.7893,40.2594
806086,3789711.431,481928.6472,40.2584
806087,3789710.441,481928.5042,40.2575
806088,3789709.452,481928.3614,40.2566
806089,3789708.462,481928.2189,40.2557
806090,3789707.472,481928.0765,40.2547
806091,3789706.482,481927.9341,40.2538
806092,3789705.492,481927.7916,40.2529
806093,3789704.503,481927.6492,40.252
806094,3789703.513,481927.5068,40.251
806094.1032,3789703.411,481927.4921,40.2509
806095,3789702.523,481927.3642,40.2501
806096,3789701.533,481927.2216,40.2492
806097,3789700.543,481927.079,40.2482
806098,3789699.554,481926.9363,40.2471
806099,3789698.564,481926.7937,40.2452
806100,3789697.574,481926.6511,40.2435
806101,3789696.584,481926.5085,40.2418
806102,3789695.594,481926.3663,40.2411
806103,3789694.605,481926.2244,40.2406
806104,3789693.615,481926.0819,40.24
806105,3789692.625,481925.9396,40.2395
806106,3789691.635,481925.7973,40.239
806107,3789690.645,481925.655,40.2382
806108,3789689.656,481925.5127,40.2371
806109,3789688.666,481925.3704,40.2359
806110,3789687.676,481925.2281,40.2348
806111,3789686.686,481925.0858,40.2337
806112,3789685.696,481924.9435,40.2329
806113,3789684.706,481924.8012,40.2322
806114,3789683.717,481924.659,40.2315
806115,3789682.727,481924.5168,40.2308
806116,3789681.737,481924.3745,40.2304
806117,3789680.747,481924.2323,40.23
806118,3789679.757,481924.0901,40.2294
806119,3789678.767,481923.9479,40.2289
806120,3789677.778,481923.8057,40.2283
806121,3789676.788,481923.6635,40.2275
806122,3789675.798,481923.5213,40.2264
806123,3789674.808,481923.3791,40.2253
806124,3789673.818,481923.2374,40.2241
806125,3789672.828,481923.0957,40.223
806126,3789671.838,481922.954,40.2223
806127,3789670.848,481922.8123,40.2216
806128,3789669.858,481922.6706,40.2213
806129,3789668.869,481922.5289,40.2208
806130,3789667.879,481922.3871,40.2203
806131,3789666.889,481922.2454,40.2198
806132,3789665.899,481922.1037,40.2193
806133,3789664.909,481921.9619,40.2188
806134,3789663.919,481921.8202,40.2182
806135,3789662.929,481921.6784,40.2177
806136,3789661.939,481921.5367,40.2171
806137,3789660.949,481921.3949,40.2165
806138,3789659.959,481921.2532,40.2159
806139,3789658.97,481921.1115,40.2153
806140,3789657.98,481920.9697,40.2148
806141,3789656.99,481920.828,40.2142
806142,3789656,481920.6862,40.2136
806143,3789655.01,481920.5445,40.213
806144,3789654.02,481920.4027,40.2124
806145,3789653.03,481920.261,40.2119
806146,3789652.04,481920.1193,40.2113
806147,3789651.05,481919.9775,40.2107
806148,3789650.06,481919.8358,40.2101
806149,3789649.071,481919.694,40.2095
806150,3789648.081,481919.5523,40.209
806151,3789647.091,481919.4105,40.2084
806152,3789646.101,481919.2688,40.2078
806153,3789645.111,481919.127,40.2069
806154,3789644.121,481918.9853,40.2043
806154.0589,3789644.063,481918.977,40.2041
806155,3789643.131,481918.8436,40.201
806156,3789642.141,481918.7018,40.1977
806157,3789641.151,481918.5601,40.1944
806158,3789640.161,481918.4183,40.1911
806159,3789639.171,481918.2767,40.1881
806160,3789638.182,481918.1351,40.1879
806161,3789637.192,481917.9932,40.1871
806162,3789636.202,481917.8507,40.1871
806163,3789635.212,481917.7083,40.1877
806164,3789634.222,481917.5667,40.1871
806165,3789633.232,481917.4245,40.1861
806166,3789632.242,481917.2823,40.1853
806167,3789631.253,481917.1402,40.1843
806168,3789630.263,481916.9982,40.1836
806169,3789629.273,481916.8565,40.183
806170,3789628.283,481916.7147,40.1828
806171,3789627.293,481916.5724,40.1819
806172,3789626.303,481916.4302,40.1813
806173,3789625.313,481916.289,40.1803
806174,3789624.323,481916.1467,40.1794
806175,3789623.334,481916.0047,40.1786
806176,3789622.344,481915.863,40.1779
806177,3789621.354,481915.7211,40.1772
806178,3789620.364,481915.5792,40.1763
806179,3789619.374,481915.4373,40.1754
806180,3789618.384,481915.2952,40.1747
806181,3789617.394,481915.153,40.1739
806182,3789616.404,481915.0109,40.1727
806183,3789615.415,481914.8688,40.1716
806184,3789614.425,481914.7267,40.1706
806185,3789613.435,481914.5846,40.1694
806186,3789612.445,481914.4425,40.1678
806187,3789611.455,481914.3003,40.1663
806188,3789610.465,481914.1589,40.1651
806189,3789609.475,481914.0168,40.164
806190,3789608.486,481913.8752,40.1627
806191,3789607.496,481913.7336,40.1615
806192,3789606.506,481913.592,40.1604
806193,3789605.516,481913.4504,40.1594
806194,3789604.526,481913.3085,40.1584
806195,3789603.536,481913.1666,40.1576
806196,3789602.546,481913.0247,40.1561
806197,3789601.556,481912.8828,40.1548
806198,3789600.566,481912.741,40.1536
806199,3789599.576,481912.5991,40.1524
806200,3789598.587,481912.4572,40.1518
806201,3789597.597,481912.3153,40.1514
806202,3789596.607,481912.1734,40.1506
806203,3789595.617,481912.0316,40.1495
806204,3789594.627,481911.8897,40.1485
806205,3789593.637,481911.7478,40.1474
806206,3789592.647,481911.6058,40.1463
806207,3789591.657,481911.4638,40.1452
806208,3789590.668,481911.3218,40.1443
806209,3789589.678,481911.1798,40.1435
806210,3789588.688,481911.0378,40.1428
806211,3789587.698,481910.8958,40.1422
806212,3789586.708,481910.7538,40.1417
806213,3789585.718,481910.6118,40.1413
806214,3789584.728,481910.4698,40.1395
806214.2606,3789584.47,481910.4328,40.139
806215,3789583.738,481910.3278,40.1377
806216,3789582.749,481910.1858,40.1361
806217,3789581.759,481910.0438,40.1345
806218,3789580.769,481909.9018,40.1329
806219,3789579.779,481909.759,40.1311
806220,3789578.789,481909.616,40.1295
806221,3789577.8,481909.4737,40.128
806222,3789576.81,481909.3318,40.1266
806223,3789575.82,481909.19,40.1253
806224,3789574.83,481909.0481,40.124
806225,3789573.84,481908.9062,40.1229
806226,3789572.85,481908.7642,40.1219
806227,3789571.86,481908.6221,40.121
806228,3789570.87,481908.4801,40.1202
806229,3789569.881,481908.338,40.1194
806230,3789568.891,481908.1959,40.1186
806231,3789567.901,481908.0539,40.118
806232,3789566.911,481907.9118,40.1166
806233,3789565.921,481907.7697,40.1146
806234,3789564.931,481907.6277,40.1129
806235,3789563.941,481907.4856,40.112
806236,3789562.952,481907.3436,40.1112
806237,3789561.962,481907.2016,40.1105
806238,3789560.972,481907.0595,40.1096
806239,3789559.982,481906.9175,40.1073
806240,3789558.992,481906.7754,40.1046
806241,3789558.002,481906.6334,40.102
806242,3789557.012,481906.4913,40.0995
806243,3789556.023,481906.3493,40.0971
806244,3789555.033,481906.2073,40.0948
806245,3789554.043,481906.0652,40.0926
806246,3789553.053,481905.9232,40.0905
806247,3789552.063,481905.7811,40.0885
806248,3789551.073,481905.6391,40.0866
806249,3789550.083,481905.4971,40.0847
806250,3789549.094,481905.355,40.083
806251,3789548.104,481905.213,40.0814
806252,3789547.114,481905.0709,40.0792
806253,3789546.124,481904.9289,40.0767
806254,3789545.134,481904.7868,40.0741
806255,3789544.144,481904.6448,40.0714
806256,3789543.154,481904.5031,40.0688
806257,3789542.164,481904.3622,40.0664
806258,3789541.174,481904.2208,40.0641
806259,3789540.184,481904.0789,40.0625
806260,3789539.195,481903.9371,40.0607
806261,3789538.205,481903.7953,40.0584
806262,3789537.215,481903.6535,40.0563
806263,3789536.225,481903.5116,40.0542
806264,3789535.235,481903.3698,40.0523
806265,3789534.245,481903.228,40.0503
806266,3789533.255,481903.0861,40.0484
806267,3789532.265,481902.944,40.0464
806268,3789531.276,481902.8017,40.0445
806269,3789530.286,481902.6594,40.0425
806270,3789529.296,481902.5171,40.0403
806271,3789528.306,481902.3748,40.038
806272,3789527.316,481902.2325,40.0353
806273,3789526.326,481902.0902,40.0323
806274,3789525.337,481901.9479,40.0293
806275,3789524.347,481901.8056,40.0262
806276,3789523.357,481901.6633,40.0232
806277,3789522.367,481901.521,40.0201
806278,3789521.377,481901.3787,40.0171
806279,3789520.387,481901.2364,40.014
806279.063,3789520.325,481901.2274,40.0139
806280,3789519.398,481901.0941,40.011
806281,3789518.408,481900.9518,40.0075
806282,3789517.418,481900.8095,40.0039
806283,3789516.428,481900.6672,40.0002
806284,3789515.438,481900.5249,39.9966
806285,3789514.449,481900.3825,39.993
806286,3789513.459,481900.2403,39.9893
806287,3789512.469,481900.098,39.9857
806288,3789511.479,481899.9561,39.982
806289,3789510.489,481899.8144,39.9784
806290,3789509.499,481899.6727,39.9748
806291,3789508.509,481899.5309,39.9711
806292,3789507.519,481899.3888,39.968
806293,3789506.53,481899.2464,39.9648
806294,3789505.54,481899.1042,39.9614
806295,3789504.55,481898.9623,39.9581
806296,3789503.56,481898.8203,39.9547
806297,3789502.57,481898.6788,39.9513
806298,3789501.58,481898.5373,39.9479
806299,3789500.59,481898.3948,39.9445
806300,3789499.601,481898.2524,39.941
806301,3789498.611,481898.1097,39.9374
806302,3789497.621,481897.9669,39.9337
806303,3789496.631,481897.8248,39.93
806304,3789495.641,481897.6827,39.9262
806305,3789494.652,481897.5406,39.9225
806306,3789493.662,481897.3985,39.9188
806307,3789492.672,481897.2567,39.9151
806308,3789491.682,481897.1147,39.9113
806309,3789490.692,481896.9728,39.9076
806310,3789489.702,481896.8309,39.9039
806311,3789488.712,481896.6891,39.9002
806312,3789487.722,481896.5473,39.8965
806313,3789486.732,481896.4055,39.8928
806314,3789485.742,481896.2642,39.8902
806315,3789484.753,481896.1221,39.8864
806316,3789483.763,481895.9799,39.8825
806317,3789482.773,481895.8374,39.8786
806318,3789481.783,481895.6949,39.8747
806319,3789480.793,481895.5528,39.8708
806320,3789479.803,481895.4108,39.8669
806321,3789478.814,481895.2694,39.8626
806322,3789477.824,481895.128,39.8587
806323,3789476.834,481894.9859,39.8547
806324,3789475.844,481894.8435,39.8508
806325,3789474.854,481894.701,39.8469
806326,3789473.864,481894.5593,39.8429
806327,3789472.874,481894.4178,39.839
806328,3789471.884,481894.2758,39.8351
806329,3789470.895,481894.1338,39.8312
806330,3789469.905,481893.9921,39.8272
806331,3789468.915,481893.8504,39.8233
806332,3789467.925,481893.7094,39.8194
806333,3789466.935,481893.5682,39.8152
806334,3789465.945,481893.4266,39.8115
806335,3789464.955,481893.2844,39.8081
806336,3789463.965,481893.1422,39.8049
806337,3789462.975,481893.0001,39.8016
806338,3789461.985,481892.8579,39.7984
806339,3789460.996,481892.7158,39.7939
806340,3789460.006,481892.5736,39.7893
806341,3789459.016,481892.4315,39.7849
806342,3789458.026,481892.2891,39.781
806342.2883,3789457.741,481892.248,39.7799
806343,3789457.036,481892.1465,39.7772
806344,3789456.047,481892.0039,39.7733
806345,3789455.057,481891.8618,39.7695
806346,3789454.067,481891.7198,39.7657
806347,3789453.077,481891.5777,39.7618
806348,3789452.087,481891.4357,39.758
806349,3789451.097,481891.2937,39.7538
806350,3789450.107,481891.1516,39.7492
806351,3789449.117,481891.0096,39.7447
806352,3789448.128,481890.8675,39.7407
806353,3789447.138,481890.7255,39.7369
806354,3789446.148,481890.5835,39.733
806355,3789445.158,481890.4414,39.7285
806356,3789444.168,481890.2994,39.724
806357,3789443.178,481890.1573,39.7198
806358,3789442.188,481890.0152,39.7156
806359,3789441.199,481889.8726,39.7117
806360,3789440.209,481889.73,39.7075
806361,3789439.219,481889.588,39.7031
806362,3789438.229,481889.4461,39.6988
806363,3789437.239,481889.304,39.6944
806364,3789436.25,481889.1612,39.69
806365,3789435.26,481889.0182,39.6859
806366,3789434.27,481888.8756,39.6825
806367,3789433.28,481888.733,39.6793
806368,3789432.29,481888.5908,39.6761
806369,3789431.301,481888.4492,39.6726
806370,3789430.311,481888.3076,39.6685
806371,3789429.321,481888.1659,39.6641
806372,3789428.331,481888.0243,39.6596
806373,3789427.341,481887.8827,39.6553
806374,3789426.351,481887.741,39.651
806375,3789425.361,481887.5994,39.6467
806376,3789424.371,481887.4577,39.6423
806377,3789423.381,481887.3161,39.638
806378,3789422.391,481887.174,39.6343
806379,3789421.402,481887.0317,39.6315
806380,3789420.412,481886.8895,39.6287
806381,3789419.422,481886.7472,39.6236
806382,3789418.432,481886.6049,39.6185
806383,3789417.442,481886.4627,39.6135
806384,3789416.452,481886.3204,39.6084
806385,3789415.463,481886.1781,39.6036
806386,3789414.473,481886.0359,39.5994
806387,3789413.483,481885.8936,39.5951
806388,3789412.493,481885.7516,39.5908
806389,3789411.503,481885.6095,39.5865
806390,3789410.513,481885.4675,39.5823
806391,3789409.523,481885.3255,39.578
806392,3789408.534,481885.1835,39.5737
806393,3789407.544,481885.0415,39.5694
806394,3789406.554,481884.8995,39.5651
806395,3789405.564,481884.7575,39.5609
806396,3789404.574,481884.6154,39.5566
806397,3789403.584,481884.4734,39.5523
806398,3789402.594,481884.3314,39.548
806399,3789401.604,481884.1894,39.5438
806400,3789400.615,481884.0473,39.5395
806401,3789399.625,481883.9053,39.5352
806402,3789398.635,481883.7632,39.5309
806403,3789397.645,481883.6211,39.5267
806404,3789396.655,481883.4791,39.5224
806405,3789395.665,481883.3368,39.5181
806406,3789394.676,481883.1944,39.5138
806407,3789393.686,481883.0521,39.5095
806407.1402,3789393.547,481883.0323,39.5089
806408,3789392.696,481882.9105,39.5053
806409,3789391.706,481882.7687,39.501
806410,3789390.716,481882.626,39.4968
806411,3789389.726,481882.4833,39.4927
806412,3789388.737,481882.3411,39.4885
806413,3789387.747,481882.199,39.4844
806414,3789386.757,481882.0568,39.4803
806415,3789385.767,481881.9147,39.4761
806416,3789384.777,481881.7725,39.472
806417,3789383.787,481881.6304,39.4678
806418,3789382.797,481881.4882,39.4637
806419,3789381.808,481881.3461,39.4596
806420,3789380.818,481881.2039,39.4554
806421,3789379.828,481881.0617,39.4511
806422,3789378.838,481880.9196,39.4465
806423,3789377.848,481880.7774,39.4417
806424,3789376.858,481880.6353,39.437
806425,3789375.869,481880.4931,39.4322
806426,3789374.879,481880.351,39.4275
806427,3789373.889,481880.209,39.4227
806428,3789372.899,481880.0674,39.418
806429,3789371.909,481879.9258,39.4133
806430,3789370.919,481879.7836,39.4085
806431,3789369.929,481879.6411,39.4038
806432,3789368.94,481879.4986,39.3994
806433,3789367.95,481879.3562,39.3953
806434,3789366.96,481879.2137,39.3911
806435,3789365.97,481879.0712,39.3869
806436,3789364.98,481878.9288,39.3828
806437,3789363.991,481878.7863,39.3786
806438,3789363.001,481878.6439,39.3744
806439,3789362.011,481878.502,39.3703
806440,3789361.021,481878.3605,39.3661
806441,3789360.031,481878.219,39.362
806442,3789359.041,481878.0776,39.3578
806443,3789358.051,481877.9361,39.3536
806444,3789357.061,481877.7946,39.3495
806445,3789356.071,481877.6531,39.3453
806446,3789355.081,481877.5117,39.3411
806447,3789354.091,481877.3701,39.337
806448,3789353.101,481877.2287,39.3329
806449,3789352.111,481877.0872,39.3287
806450,3789351.122,481876.9454,39.3248
806451,3789350.132,481876.8033,39.3215
806452,3789349.142,481876.6611,39.3182
806453,3789348.152,481876.5182,39.3139
806454,3789347.162,481876.3759,39.3098
806454.2371,3789346.928,481876.3423,39.3089
806455,3789346.172,481876.2339,39.3059
806456,3789345.183,481876.0919,39.3018
806457,3789344.193,481875.9499,39.2978
806458,3789343.203,481875.8077,39.2937
806459,3789342.213,481875.6655,39.2898
806460,3789341.223,481875.5238,39.286
806461,3789340.233,481875.3821,39.282
806462,3789339.243,481875.24,39.278
806463,3789338.254,481875.0976,39.2741
806464,3789337.264,481874.9558,39.2701
806465,3789336.274,481874.8134,39.2661
806466,3789335.284,481874.6712,39.2622
806467,3789334.294,481874.5289,39.2582
806468,3789333.304,481874.3868,39.2542
806469,3789332.314,481874.2448,39.2503
806470,3789331.325,481874.1027,39.2461
806471,3789330.335,481873.9608,39.2421
806472,3789329.345,481873.8189,39.238
806473,3789328.355,481873.6767,39.234
806474,3789327.365,481873.5345,39.2299
806475,3789326.375,481873.3922,39.2259
806476,3789325.386,481873.2502,39.2218
806477,3789324.396,481873.1082,39.2178
806478,3789323.406,481872.966,39.2136
806479,3789322.416,481872.8238,39.2092
806480,3789321.426,481872.6817,39.2056
806481,3789320.436,481872.5396,39.2021
806482,3789319.446,481872.3974,39.1982
806483,3789318.457,481872.2553,39.1938
806484,3789317.467,481872.1132,39.189
806485,3789316.477,481871.9711,39.1847
806486,3789315.487,481871.829,39.1803
806487,3789314.497,481871.6866,39.176
806488,3789313.507,481871.545,39.1715
806489,3789312.517,481871.4037,39.1669
806490,3789311.527,481871.2623,39.1624
806491,3789310.537,481871.1204,39.1584
806492,3789309.548,481870.9782,39.154
806493,3789308.558,481870.8359,39.1502
806494,3789307.568,481870.6937,39.1461
806495,3789306.578,481870.5516,39.1416
806496,3789305.588,481870.4095,39.1373
806497,3789304.598,481870.2675,39.1333
806498,3789303.609,481870.1254,39.1293
806499,3789302.619,481869.983,39.1243
806500,3789301.629,481869.8404,39.1192
806501,3789300.639,481869.6985,39.1143
806502,3789299.649,481869.5567,39.1098
806503,3789298.659,481869.4148,39.1057
806504,3789297.669,481869.2729,39.1017
806505,3789296.68,481869.1311,39.0972
806506,3789295.69,481868.9892,39.0931
806507,3789294.7,481868.8474,39.0888
806508,3789293.71,481868.7053,39.0845
806509,3789292.72,481868.5627,39.0802
806510,3789291.73,481868.4202,39.0759
806511,3789290.741,481868.2776,39.0715
806512,3789289.751,481868.1351,39.0674
806513,3789288.761,481867.9926,39.0632
806514,3789287.771,481867.8504,39.0589
806515,3789286.781,481867.7078,39.0542
806516,3789285.792,481867.5652,39.0496
806517,3789284.802,481867.4227,39.0452
806518,3789283.812,481867.2802,39.0409
806519,3789282.822,481867.1377,39.0367
806520,3789281.832,481866.995,39.0324
806521,3789280.843,481866.8519,39.028
806522,3789279.853,481866.7094,39.0236
806523,3789278.863,481866.5678,39.0192
806524,3789277.873,481866.4259,39.0147
806525,3789276.883,481866.2844,39.0103
806526,3789275.893,481866.1427,39.0059
806527,3789274.903,481866.0006,39.0012
806528,3789273.914,481865.8585,38.9965
806529,3789272.924,481865.7164,38.9918
806530,3789271.934,481865.5743,38.9871
806531,3789270.944,481865.4318,38.9825
806532,3789269.954,481865.2894,38.9779
806533,3789268.964,481865.147,38.9732
806534,3789267.975,481865.0046,38.9686
806535,3789266.985,481864.8623,38.964
806536,3789265.995,481864.7204,38.9593
806537,3789265.005,481864.5779,38.9547
806538,3789264.015,481864.4355,38.95
806539,3789263.025,481864.2933,38.9454
806540,3789262.036,481864.1517,38.9408
806541,3789261.046,481864.0095,38.9361
806542,3789260.056,481863.8672,38.9315
806543,3789259.066,481863.725,38.9269
806544,3789258.076,481863.5828,38.9224
806545,3789257.086,481863.4406,38.9174
806546,3789256.097,481863.2984,38.9122
806547,3789255.107,481863.1563,38.907
806548,3789254.117,481863.0142,38.9018
806548.8799,3789253.246,481862.8892,38.8972
806549,3789253.127,481862.8721,38.8966
806550,3789252.137,481862.73,38.8913
806551,3789251.147,481862.5879,38.8863
806552,3789250.158,481862.4453,38.8819
806553,3789249.168,481862.3026,38.8776
806554,3789248.178,481862.1603,38.8733
806555,3789247.188,481862.0181,38.8688
806556,3789246.198,481861.8759,38.864
806557,3789245.208,481861.7338,38.8591
806558,3789244.219,481861.5915,38.8542
806559,3789243.229,481861.4491,38.8493
806560,3789242.239,481861.3066,38.8445
806561,3789241.249,481861.1641,38.8396
806562,3789240.259,481861.0216,38.8347
806563,3789239.27,481860.879,38.8299
806564,3789238.28,481860.7365,38.825
806565,3789237.29,481860.5941,38.8203
806566,3789236.3,481860.4516,38.8155
806567,3789235.31,481860.3092,38.8108
806568,3789234.321,481860.1668,38.806
806569,3789233.331,481860.0243,38.8013
806570,3789232.341,481859.8819,38.7965
806571,3789231.351,481859.7394,38.7918
806572,3789230.361,481859.597,38.787
806573,3789229.372,481859.4546,38.7823
806574,3789228.382,481859.3121,38.7775
806575,3789227.392,481859.1697,38.7728
806576,3789226.402,481859.0273,38.7681
806577,3789225.412,481858.8848,38.7633
806578,3789224.423,481858.7424,38.7586
806579,3789223.433,481858.6,38.7539
806580,3789222.443,481858.4575,38.7493
806581,3789221.453,481858.3151,38.7448
806582,3789220.463,481858.1727,38.7404
806583,3789219.474,481858.0302,38.7361
806584,3789218.484,481857.8878,38.7319
806585,3789217.494,481857.7454,38.7278
806586,3789216.504,481857.6029,38.7238
806587,3789215.514,481857.4605,38.7199
806588,3789214.524,481857.3181,38.7161
806589,3789213.535,481857.1756,38.7124
806590,3789212.545,481857.0332,38.7086
806591,3789211.555,481856.8907,38.7048
806592,3789210.565,481856.7483,38.7004
806593,3789209.575,481856.6059,38.6959
806594,3789208.586,481856.4634,38.6912
806595,3789207.596,481856.321,38.6864
806596,3789206.606,481856.1786,38.6818
806597,3789205.616,481856.0364,38.6773
806597.176,3789205.442,481856.0114,38.6765
806598,3789204.626,481855.8947,38.673
806599,3789203.636,481855.7528,38.6688
806600,3789202.647,481855.6109,38.6647
806601,3789201.657,481855.4691,38.6607
806602,3789200.667,481855.3272,38.6568
806603,3789199.677,481855.1853,38.6529
806604,3789198.687,481855.0434,38.6492
806605,3789197.697,481854.9015,38.6456
806606,3789196.707,481854.7597,38.6422
806607,3789195.717,481854.6178,38.6388
806608,3789194.727,481854.4759,38.6351
806609,3789193.738,481854.334,38.6312
806610,3789192.748,481854.1921,38.6271
806611,3789191.758,481854.0503,38.623
806612,3789190.768,481853.9079,38.6189
806613,3789189.778,481853.7656,38.6144
806614,3789188.788,481853.6233,38.6099
806615,3789187.799,481853.481,38.6055
806616,3789186.809,481853.3386,38.6015
806617,3789185.819,481853.1963,38.5979
806618,3789184.829,481853.054,38.5943
806619,3789183.839,481852.9116,38.5912
806620,3789182.849,481852.7693,38.5882
806621,3789181.86,481852.627,38.5853
806622,3789180.87,481852.4847,38.5825
806623,3789179.88,481852.3423,38.5798
806624,3789178.89,481852.2,38.5771
806625,3789177.9,481852.0577,38.5746
806626,3789176.911,481851.9154,38.5719
806627,3789175.921,481851.773,38.5685
806628,3789174.931,481851.6307,38.5641
806629,3789173.941,481851.4884,38.5598
806630,3789172.951,481851.346,38.5538
806631,3789171.961,481851.2037,38.551
806632,3789170.972,481851.0614,38.5499
806633,3789169.982,481850.9191,38.549
806634,3789168.992,481850.777,38.5471
806635,3789168.002,481850.6346,38.5434
806636,3789167.012,481850.4924,38.5398
806637,3789166.022,481850.3511,38.5363
806638,3789165.032,481850.209,38.533
806639,3789164.043,481850.0666,38.5297
806640,3789163.053,481849.9241,38.5268
806641,3789162.063,481849.782,38.5241
806642,3789161.073,481849.6402,38.5217
806643,3789160.083,481849.4979,38.5194
806644,3789159.093,481849.3558,38.5166
806645,3789158.104,481849.2135,38.5139
806646,3789157.114,481849.0709,38.5107
806647,3789156.124,481848.9283,38.5075
806648,3789155.134,481848.7866,38.5045
806649,3789154.144,481848.6443,38.5016
806650,3789153.155,481848.5018,38.4987
806651,3789152.165,481848.3595,38.4959
806652,3789151.175,481848.2175,38.4932
806653,3789150.185,481848.0755,38.4905
806654,3789149.195,481847.9331,38.4879
806655,3789148.205,481847.7906,38.4852
806656,3789147.216,481847.6481,38.4825
806657,3789146.226,481847.5056,38.4798
806658,3789145.236,481847.3633,38.4768
806659,3789144.246,481847.221,38.4739
806660,3789143.256,481847.0787,38.4713
806661,3789142.267,481846.9361,38.4687
806662,3789141.277,481846.794,38.4661
806662.2167,3789141.062,481846.7632,38.4655
806663,3789140.287,481846.6519,38.4635
806664,3789139.297,481846.5098,38.4609
806665,3789138.307,481846.3679,38.4583
806666,3789137.317,481846.2257,38.4561
806667,3789136.327,481846.084,38.4543
806668,3789135.337,481845.9426,38.4525
806669,3789134.347,481845.8007,38.4507
806670,3789133.358,481845.6583,38.4489
806671,3789132.368,481845.5156,38.4472
806672,3789131.378,481845.3731,38.4456
806673,3789130.388,481845.2306,38.4442
806674,3789129.399,481845.0883,38.4431
806675,3789128.409,481844.9459,38.4421
806676,3789127.419,481844.8036,38.4411
806677,3789126.429,481844.6616,38.4401
806678,3789125.439,481844.5192,38.439
806679,3789124.449,481844.3763,38.4379
806680,3789123.46,481844.2338,38.4367
806681,3789122.47,481844.0915,38.4363
806682,3789121.48,481843.9491,38.4359
806683,3789120.49,481843.8068,38.4355
806684,3789119.5,481843.6644,38.4356
806685,3789118.511,481843.5221,38.4352
806686,3789117.521,481843.3794,38.4346
806687,3789116.531,481843.2367,38.434
806688,3789115.541,481843.094,38.4335
806689,3789114.552,481842.9513,38.4329
806690,3789113.562,481842.8091,38.4323
806691,3789112.572,481842.6669,38.4319
806692,3789111.582,481842.5245,38.4314
806693,3789110.592,481842.3818,38.4309
806694,3789109.602,481842.239,38.4305
806695,3789108.613,481842.0963,38.4299
806696,3789107.623,481841.9537,38.429
806697,3789106.633,481841.8111,38.4281
806698,3789105.643,481841.6683,38.4275
806699,3789104.654,481841.5253,38.4276
806700,3789103.664,481841.3826,38.4277
