뱀藜긍뵀,꿎좆쟁넋,璘뱀뷘튤,塘뱀뷘튤,璘뱀紺튤,塘뱀紺튤
09,384765.132,3.9,3.8,5.7,5.9
00,384765.757,4.1,4,5.7,5.9
01,384766.382,4.1,3.9,5.7,5.8
02,384767.007,3.9,3.7,5.8,5.9
03,384767.632,3.8,3.6,5.7,5.9
04,384768.382,3.8,3.7,5.7,5.9
05,384769.007,3.9,3.7,5.7,5.9
06,384769.631,4,3.9,5.6,5.9
07,384770.256,3.9,3.6,5.7,5.8
08,384770.881,3.9,3.6,5.7,5.8
09,384771.631,3.9,3.5,5.6,5.6
00,384772.256,3.8,3.4,5.3,5.5
01,384772.881,4,3.7,5.1,5.4
02,384773.506,4,3.8,5.1,5.4
03,384774.131,3.9,3.8,5.2,5.5
04,384774.881,3.9,3.7,5.2,5.4
05,384775.506,3.8,3.5,5,5.1
06,384776.13,3.7,3.5,4.9,4.9
07,384776.755,3.7,3.4,4.8,4.9
08,384777.38,3.6,3.1,4.8,5
09,384778.13,3.4,3.2,4.7,5.1
00,384778.755,3.4,3.2,4.7,5
01,384779.38,3.6,3.4,4.8,5
02,384780.005,3.5,3.2,5,5.1
03,384780.63,3.4,3.1,5.2,5.1
04,384781.379,3.4,3.3,5.3,5.2
05,384782.004,3.5,3.3,5.2,5.2
06,384782.629,3.5,3.2,5.3,5.3
07,384783.254,3.4,3.2,5.4,5.6
08,384783.879,3.5,3.4,5.6,5.8
09,384784.629,3.6,3.3,5.6,5.9
00,384785.254,3.5,3.1,5.6,5.9
01,384785.879,3.5,3.1,5.6,6
02,384786.504,3.3,3,5.7,6.1
03,384787.128,3.3,3.2,5.8,6.1
04,384787.753,3.4,3.3,5.9,6.2
05,384788.503,3.4,3.3,6.1,6.4
06,384789.128,3.5,3.5,6.3,6.4
07,384789.753,3.6,3.5,6.4,6.5
08,384790.378,3.6,3.4,6.5,6.5
09,384791.128,3.4,2.9,6.5,6.6
00,384791.752,3.3,2.8,6.5,6.7
01,384792.377,3.3,2.9,6.5,6.7
02,384793.002,3.4,3,6.6,6.6
03,384793.627,3.5,3.3,6.6,6.6
04,384794.377,3.6,3.4,6.6,6.6
05,384795.002,3.5,3.2,6.6,6.6
06,384795.627,3.3,3.1,6.6,6.7
07,384796.252,3.2,3,6.5,6.8
08,384796.877,3.1,2.9,6.6,6.8
09,384797.626,3.1,2.9,6.7,6.8
00,384798.251,3.3,3.1,6.8,6.7
01,384798.876,3.4,3.4,6.8,6.7
02,384799.501,3.5,3.2,6.7,6.7
03,384800.126,3.4,3.3,6.6,6.7
04,384800.876,3.2,3.3,6.4,6.6
05,384801.501,3.1,3.1,6.5,6.7
06,384802.125,3.1,3,6.6,6.7
07,384802.75,3.2,3.1,6.8,6.9
08,384803.375,3.3,3.3,6.9,6.9
09,384804.125,3.4,3.2,6.8,6.9
00,384804.75,3.6,3.2,6.6,6.8
01,384805.375,3.5,3.2,6.3,6.6
02,384806,3.5,3.5,6,6.4
03,384806.75,3.6,3.6,6,6.3
04,384807.375,3.5,3.4,6.1,6.4
05,384807.999,3.5,3.2,6.2,6.5
06,384808.624,3.6,3.3,6.4,6.7
07,384809.249,3.7,3.3,6.5,6.7
08,384809.999,3.7,3.3,6.5,6.5
09,384810.624,3.8,3.4,6.4,6.4
00,384811.249,3.9,3.5,6.4,6.4
01,384811.874,3.9,3.3,6.3,6.4
02,384812.498,3.9,3.3,6.3,6.5
03,384813.248,3.9,3.2,6.4,6.7
04,384813.873,3.8,3.4,6.5,6.8
05,384814.498,3.7,3.4,6.6,6.8
06,384815.123,3.7,3.3,6.7,6.8
07,384815.748,3.7,3.4,6.8,6.9
08,384816.373,3.7,3.3,6.9,7
09,384817.122,3.7,3.2,6.9,7.2
00,384817.748,3.8,3.3,7,7.4
01,384818.372,3.7,3.3,7.3,7.7
02,384818.997,3.7,3.3,7.5,7.8
03,384819.747,3.7,3.2,7.5,7.8
04,384820.372,3.5,3,7.5,7.8
05,384820.997,3.3,2.9,7.6,7.8
06,384821.622,3.3,2.9,7.8,7.9
07,384822.247,3.4,2.9,7.9,8.2
08,384822.997,3.4,3,8.1,8.4
09,384823.621,3.5,3.1,8.3,8.5
00,384824.246,3.6,3.3,8.4,8.5
01,384824.871,3.6,3.2,8.4,8.4
02,384825.496,3.4,2.9,8.4,8.3
03,384826.246,3.3,2.9,8.5,8.5
04,384826.871,3.2,2.8,8.6,8.7
05,384827.496,3.1,2.8,8.8,9
06,384828.12,3.2,2.9,8.9,9.2
07,384828.745,3.4,3,9,9.2
08,384829.495,3.5,3.2,9,9.1
09,384830.12,3.6,3.4,8.9,8.9
00,384830.745,3.5,3.4,8.7,8.8
01,384831.37,3.3,3.2,8.8,8.8
02,384831.995,3.3,3.1,8.9,9
03,384832.745,3.3,3.2,9.1,9
04,384833.369,3.4,3.4,9.2,9.1
05,384833.994,3.6,3.4,9.4,9.3
06,384834.619,3.9,3.4,9.5,9.3
07,384835.244,3.9,3.3,9.4,9.3
08,384835.995,3.8,3.4,9.2,9.1
09,384836.619,3.4,3.3,9.2,9.2
00,384837.244,3.2,3.2,9.3,9.6
01,384837.869,3.1,3.2,9.6,9.8
02,384838.493,3.2,3.1,9.7,10
03,384839.243,3.6,3.2,9.8,10
04,384839.869,3.6,3,9.8,10
05,384840.493,3.5,2.8,9.8,9.9
06,384841.119,3.4,2.8,9.7,10
07,384841.744,3.1,2.6,9.7,10.1
08,384842.493,2.8,2.5,9.9,10.3
09,384843.118,2.9,2.6,10.1,10.5
00,384843.743,3.1,2.9,10.2,10.6
01,384844.368,3.2,3,10.4,10.7
02,384844.992,3.4,3.1,10.5,10.9
03,384845.618,3.4,3.3,10.4,10.8
04,384846.368,3.2,3.1,10.3,10.7
05,384846.992,3.1,2.8,10.3,10.7
06,384847.617,3.1,2.6,10.4,10.8
07,384848.242,3.2,2.7,10.6,10.9
08,384848.867,3.2,2.8,10.6,10.9
09,384849.617,3.3,2.7,10.6,10.9
00,384850.242,3.4,2.8,10.5,10.9
01,384850.867,3.3,2.7,10.4,10.8
02,384851.491,3.3,2.9,10.3,10.8
03,384852.241,3.3,3,10.2,10.7
04,384852.866,3.2,2.9,10.2,10.8
05,384853.491,3.1,2.8,10.3,10.8
06,384854.116,3.1,2.9,10.3,10.8
07,384854.741,3.1,3,10.2,10.7
08,384855.49,3.2,3.3,10.1,10.4
09,384856.115,3.4,3.4,9.9,10.2
00,384856.741,3.5,3.3,9.8,10.1
01,384857.366,3.4,3.2,9.7,10.1
02,384857.99,3.3,3,9.6,10.1
03,384858.74,3.4,3.1,9.6,9.9
04,384859.365,3.5,3.1,9.6,9.7
05,384859.99,3.6,3,9.6,9.6
06,384860.615,3.7,3,9.5,9.4
07,384861.365,3.6,3,9.2,9.3
08,384861.99,3.4,3,9.2,9.5
09,384862.615,3.1,2.9,9.4,9.8
00,384863.24,2.9,2.7,9.7,10.1
01,384863.989,2.9,2.9,10,10.1
02,384864.614,3.1,3.1,10,10
03,384865.239,3.2,3.1,10,10
04,384865.864,3.2,3.1,10,10
05,384866.489,3.1,2.8,9.9,10
06,384867.114,3.2,2.8,9.9,10.1
07,384867.739,3.2,2.8,10.1,10.3
08,384868.488,3.2,2.5,10.4,10.5
09,384869.113,3.3,2.5,10.6,10.7
00,384869.738,3.5,2.7,10.6,10.6
01,384870.363,3.4,2.7,10.4,10.4
02,384871.113,3.1,2.5,10.2,10.4
03,384871.738,2.7,2.4,10.2,10.4
04,384872.363,2.5,2.4,10.3,10.5
05,384872.987,2.4,2.3,10.5,10.6
06,384873.612,2.6,2.4,10.7,10.7
07,384874.237,2.6,2.3,10.9,10.9
08,384874.987,2.7,2.3,10.9,10.9
09,384875.612,2.8,2.5,10.6,10.8
00,384876.237,2.8,2.7,10.4,10.6
01,384876.862,2.7,2.6,10.4,10.6
02,384877.487,2.5,2.4,10.5,10.6
03,384878.237,2.6,2.6,10.6,10.6
04,384878.862,2.7,2.6,10.5,10.6
05,384879.486,2.7,2.5,10.4,10.6
06,384880.111,2.8,2.4,10.4,10.7
07,384880.736,2.9,2.5,10.4,10.7
08,384881.486,3.2,2.7,10.4,10.7
09,384882.111,3.3,2.8,10.4,10.7
00,384882.736,3.2,2.8,10.5,10.7
01,384883.361,3,2.5,10.6,10.6
02,384883.986,3,2.5,10.5,10.5
03,384884.735,3.2,2.8,10.3,10.2
04,384885.36,3.3,2.8,10.2,10
05,384885.985,3.3,2.9,10.2,9.9
06,384886.61,3.3,3.1,10.3,9.9
07,384887.235,3.1,2.9,10.5,10.2
08,384887.985,3.1,2.6,10.6,11
09,384888.735,3.1,2.4,10.7,11
00,384889.36,3.1,2.4,10.7,11.1
01,384889.985,3,2.6,10.7,11
02,384890.61,2.8,2.6,10.6,10.8
03,384891.234,2.6,2.6,10.5,10.6
04,384891.859,2.5,2.5,10.5,10.5
05,384892.484,2.6,2.3,10.7,10.6
06,384893.109,2.7,2.4,11,11.1
07,384893.734,2.7,2.2,11.2,11.6
08,384894.483,2.4,2,11.3,11.7
09,384895.108,2.4,2,11.2,11.6
00,384895.733,2.5,2.1,11,11.3
01,384896.358,2.5,2.1,10.8,11.1
02,384896.983,2.4,2.1,10.8,11.1
03,384897.733,2.3,2.2,11.1,11.4
04,384898.357,2.2,2.2,11.3,11.7
05,384898.982,2.3,2.1,11.4,11.9
06,384899.607,2.4,2.5,11.4,11.9
07,384900.232,2.2,1.9,11.3,11.8
08,384900.982,2.2,1.9,11.2,11.4
09,384901.607,2,2,11.3,11.4
00,384902.232,1.8,2,11.5,11.5
01,384902.856,1.7,2.2,11.6,11.6
02,384903.481,1.8,2.2,11.6,11.6
03,384904.231,2,1.9,11.6,11.5
04,384904.855,2.1,1.9,11.5,11.4
05,384905.48,2.1,1.7,11.3,11.2
06,384906.105,2.2,1.8,11.1,10.9
07,384906.855,2.2,1.8,10.8,10.6
08,384907.48,2.3,2.1,10.7,10.5
09,384908.104,2.5,2.2,10.6,10.3
00,384908.729,2.7,2.2,10.6,10.3
01,384909.355,2.7,2.1,10.6,10.4
02,384909.979,2.6,2,10.6,10.5
03,384910.729,2.5,2.1,10.3,10.4
04,384911.354,2.4,2.2,10.2,10.2
05,384911.979,2.3,2.1,10.1,10.2
06,384912.604,2.2,2,10,10.1
07,384913.228,2.1,2,9.9,10.1
08,384913.978,2.1,2.1,9.9,10.2
09,384914.603,2.2,2.3,10,10.2
00,384915.228,2.1,2.1,9.9,10.1
01,384915.853,2.2,2,9.9,9.9
02,384916.477,2.4,1.8,9.8,9.5
03,384917.227,2.5,1.6,9.7,9.2
04,384917.852,2.5,1.6,9.6,9.1
05,384918.477,2.5,1.6,9.6,9.2
06,384919.102,2.7,1.8,9.7,9.4
07,384919.727,2.8,1.8,9.8,9.7
08,384920.477,2.5,1.5,10,10.1
09,384921.101,2.4,1.4,10.2,10.4
00,384921.726,2.5,1.6,10.2,10.6
01,384922.351,2.5,1.7,10.2,10.8
02,384922.976,2.5,1.7,10.3,11
03,384923.726,2.4,1.9,10.7,11.4
04,384924.35,2.5,2,11.1,11.7
05,384924.975,2.5,2.2,11.4,11.9
06,384925.6,2.5,2.3,11.6,12
07,384926.225,2.4,2.1,11.6,11.9
08,384926.975,2.4,2,11.7,11.8
09,384927.6,2.5,1.9,11.8,11.8
00,384928.225,2.5,1.8,11.9,12
01,384928.85,2.2,1.4,12.1,12.4
02,384929.474,2.1,1.4,12.4,12.8
03,384930.224,2.1,1.5,12.4,13.1
04,384930.849,2,1.6,12.4,13.2
05,384931.474,2,1.6,12.4,13.3
06,384932.098,2.1,1.6,12.5,13.3
07,384932.848,2.2,1.5,12.5,13.2
08,384933.473,2.3,1.5,12.6,13.1
09,384934.098,2.4,1.6,12.7,13.2
00,384934.723,2.5,1.7,12.8,13.3
01,384935.348,2.4,1.5,12.9,13.4
02,384936.098,2.1,1.2,12.9,13.5
03,384936.722,2,1.3,12.9,13.5
04,384937.347,1.9,1,12.9,13.4
05,384937.972,1.9,1,12.8,13.3
06,384938.597,2,1.2,12.7,13.2
07,384939.222,2.1,1.2,12.6,13.2
08,384939.971,2.1,1.1,12.5,13
09,384940.596,2.2,1.3,12.3,12.9
00,384941.221,2.2,1.3,12.2,12.8
01,384941.846,2.1,1.1,12.2,12.8
02,384942.471,2,1.1,12.2,12.8
03,384943.22,2.2,1.3,12.2,12.7
04,384943.845,2.3,1.4,12.1,12.6
05,384944.47,2.4,1.7,12,12.5
06,384945.095,2.3,1.7,11.9,12.4
07,384945.72,2.2,1.5,11.8,12.2
08,384946.47,2,1.2,11.6,12
09,384947.095,2.1,1.2,11.5,11.9
00,384947.719,2.1,1,11.4,11.7
01,384948.344,2.1,1,11.2,11.5
02,384948.969,2.1,1.2,11.2,11.4
03,384949.719,2,1.2,11.1,11.3
04,384950.344,2,1.2,10.9,11.2
05,384950.969,1.9,1.1,10.7,11.2
06,384951.593,1.8,1,10.6,11.2
07,384952.218,2,1.2,10.7,11.2
08,384952.968,2.1,1.2,10.8,11.3
09,384953.593,2.2,1.2,11.1,11.4
00,384954.218,2.2,1.1,11.4,11.7
01,384954.843,2.1,1.1,11.7,12.1
02,384955.468,2,1.1,11.8,12.4
03,384956.218,1.8,1.1,12,12.8
04,384956.842,1.6,1,12.1,13
05,384957.467,1.5,1.1,12.2,13
06,384958.092,1.4,1.1,12.4,13
07,384958.717,1.6,1.1,12.5,13
08,384959.466,1.7,1.1,12.8,13.1
09,384960.091,1.7,1,13.1,13.4
00,384960.716,1.7,0.8,13.2,13.6
01,384961.341,1.8,0.8,13.2,13.7
02,384962.091,1.8,0.6,13.2,13.8
03,384962.716,1.7,0.8,13.3,13.9
04,384963.341,1.6,0.8,13.5,14
05,384963.965,1.6,0.9,13.7,14.1
06,384964.59,1.6,0.9,13.9,14.2
07,384965.215,1.6,0.7,14,14.2
08,384965.965,1.5,0.7,14,14.3
09,384966.59,1.5,0.6,14,14.3
00,384967.214,1.5,0.6,14.1,14.4
01,384967.839,1.6,0.7,14.1,14.3
02,384968.589,1.6,0.6,14.1,14.3
03,384969.214,1.5,0.6,14,14.2
04,384969.839,1.3,0.5,13.9,14
05,384970.464,1.1,0.6,13.7,14
06,384971.089,0.9,0.6,13.5,13.8
07,384971.713,0.8,0.7,13.2,13.6
08,384972.463,0.9,0.9,13,13.4
09,384973.088,0.9,1,12.9,13.2
00,384973.713,0.9,0.8,12.7,13
01,384974.338,1,0.8,12.5,12.7
02,384974.963,0.9,0.7,12.3,12.4
03,384975.712,1,0.8,12,12
04,384976.337,1.2,1.1,11.7,11.7
05,384976.962,1.4,1.1,11.6,11.5
06,384977.587,1.5,1.1,11.4,11.5
07,384978.212,1.5,1.1,11.3,11.5
08,384978.962,1.4,1,11.1,11.5
09,384979.586,1.4,0.9,10.8,11.2
00,384980.211,1.5,1,10.6,10.8
01,384980.836,1.6,1.1,10.3,10.3
02,384981.461,1.5,1,10,9.8
03,384982.211,1.3,0.9,9.9,9.5
04,384982.836,1.1,0.8,9.8,9.4
05,384983.461,1,0.7,9.7,9.4
06,384984.085,0.9,0.6,9.7,9.6
07,384984.71,1,0.5,9.7,9.8
08,384985.46,1.1,0.2,9.6,9.9
09,384986.085,1.2,0.1,9.6,9.8
00,384986.71,1.1,0.1,9.5,9.7
01,384987.335,0.9,0.1,9.5,9.7
02,384987.959,1,0.1,9.5,9.8
03,384988.584,1,0.1,9.6,9.9
04,384989.334,1,0.2,9.8,10.2
05,384989.959,0.9,0.3,10,10.4
06,384990.584,0.7,0.3,10.1,10.5
07,384991.208,0.7,0.4,10.1,10.5
08,384991.959,0.7,0.5,10,10.5
09,384992.584,0.4,0.3,10.1,10.6
00,384993.208,0.1,0.1,10.3,10.8
01,384993.833,0.1,0.1,10.4,10.9
02,384994.457,0.2,0.2,10.6,11
03,384995.207,0.5,0.1,10.7,11.1
04,384995.832,0.6,0.1,10.8,11.2
05,384996.457,0.5,-0.1,10.9,11.3
06,384997.082,0.4,0,11,11.4
07,384997.707,0.5,0.3,11.2,11.5
08,384998.457,0.6,0.3,11.3,11.5
09,384999.082,0.4,0.2,11.5,11.7
00,384999.707,0.2,0,11.7,11.8
01,385000.331,0.3,0.2,11.7,11.8
02,385000.956,0.4,0.1,11.7,11.8
03,385001.706,0.4,0.2,11.9,11.8
04,385002.331,0.4,0.2,12,12
05,385002.956,0.5,0.2,12.1,12.1
06,385003.58,0.5,0.3,12.1,12
07,385004.205,0.5,0.2,12,12
08,385004.955,0.5,0.2,11.9,11.9
09,385005.58,0.4,-0.1,11.8,11.9
00,385006.205,0.2,-0.2,11.9,12
01,385006.83,0.1,-0.3,11.9,12.2
02,385007.454,0.1,-0.3,12,12.3
03,385008.079,0.2,-0.3,12.1,12.4
04,385008.829,0.3,0,12.2,12.4
05,385009.454,0.3,-0.2,12.2,12.4
06,385010.079,0.4,-0.2,12.2,12.3
07,385010.704,0.5,0,12.2,12.3
08,385011.328,0.6,0,12.3,12.4
09,385012.078,0.7,-0.1,12.3,12.4
00,385012.703,0.7,0,12.3,12.4
01,385013.328,0.7,0,12.4,12.3
02,385013.953,0.7,0,12.4,12.2
03,385014.578,0.8,-0.1,12.2,12.1
04,385015.328,0.8,-0.3,12.1,12
05,385015.952,0.8,-0.5,12,12
06,385016.577,0.8,-0.4,12.1,12.1
07,385017.202,0.7,-0.4,12.2,12.2
08,385017.827,0.6,-0.4,12.4,12.3
09,385018.702,0.5,-0.2,12.9,12.6
00,385019.326,0.6,0,13,12.7
01,385019.952,0.7,0.2,13.2,12.9
02,385020.577,0.6,0,13.5,13.2
03,385021.201,0.6,-0.1,13.6,13.6
04,385021.826,0.7,0.1,13.7,13.8
05,385022.451,0.6,0.1,13.6,13.9
06,385023.201,0.5,-0.2,13.7,14.1
07,385023.826,0.5,-0.3,13.7,14.2
08,385024.451,0.3,-0.6,13.8,14.3
09,385025.076,0.2,-0.6,13.9,14.4
00,385025.7,0.1,-0.7,14,14.4
01,385026.325,0.2,-0.7,14.2,14.5
02,385027.075,0.3,-0.5,14.3,14.5
03,385027.7,0.3,-0.4,14.4,14.6
04,385028.325,0.3,-0.5,14.7,14.7
05,385028.95,0.3,-0.6,14.8,14.9
06,385029.7,0.2,-0.5,14.8,15
07,385030.325,0.1,-0.4,14.8,15
08,385030.95,0.1,-0.2,14.6,15
09,385031.575,-0.1,-0.2,14.5,15
00,385032.199,-0.2,-0.5,14.4,14.8
01,385032.949,-0.2,-0.5,14.3,14.6
02,385033.574,-0.4,-0.5,14.3,14.6
03,385034.199,-0.4,-0.5,14.4,14.5
04,385034.824,-0.3,-0.2,14.4,14.5
05,385035.449,-0.2,-0.2,14.5,14.7
06,385036.199,-0.2,-0.2,14.7,14.9
07,385036.823,-0.1,-0.1,14.8,15
08,385037.448,-0.1,-0.1,14.8,15
09,385038.073,-0.1,-0.1,14.8,14.9
00,385038.698,-0.1,0,14.8,14.8
01,385039.448,-0.2,0,14.8,14.8
02,385040.073,-0.1,0.1,14.8,14.8
03,385040.698,-0.1,0.2,14.8,14.9
04,385041.323,-0.1,0.1,14.9,15.1
05,385041.948,-0.1,-0.1,15,15.2
06,385042.697,-0.1,-0.4,15.2,15.2
07,385043.322,0.1,-0.3,15.3,14.9
08,385043.947,0.4,-0.1,15.4,14.5
09,385044.572,0.3,0,15.5,14.2
00,385045.197,0.2,-0.2,15.5,14
01,385045.947,0.1,-0.4,15.3,14.2
02,385046.572,0,-0.4,15,14.3
03,385047.197,0.1,-0.3,14.8,14.3
04,385047.822,0.1,-0.2,14.6,14.4
05,385048.447,0.1,0,14.7,14.5
06,385049.071,0,-0.1,14.8,14.6
07,385049.821,0,-0.2,15,14.8
08,385050.446,0,-0.3,15.1,14.9
09,385051.071,-0.1,-0.5,15.1,15.1
00,385051.696,-0.2,-0.6,15,15.2
01,385052.321,-0.1,-0.3,14.8,14.9
02,385053.071,0.1,-0.2,14.9,14.6
03,385053.695,0.1,-0.4,15.1,14.4
04,385054.32,0.3,-0.4,15.3,14.1
05,385054.945,0.3,-0.3,15.4,13.8
06,385055.57,0.2,-0.1,15.5,13.8
07,385056.32,0,-0.2,15.6,13.8
08,385056.945,-0.1,-0.3,15.6,14
09,385057.57,-0.1,-0.5,15.5,14.4
00,385058.195,-0.1,-0.5,15.5,14.8
01,385058.82,0,-0.6,15.6,15.4
02,385059.57,-0.1,-0.7,15.7,15.7
03,385060.194,-0.2,-1.1,15.8,15.9
04,385060.819,-0.1,-1.2,16,15.9
05,385061.444,0.1,-1.2,16.1,15.8
06,385062.069,0.2,-1.3,16.2,15.7
07,385062.694,0.3,-1.2,16.2,15.7
08,385063.444,0.2,-1.3,16.3,15.9
09,385064.069,0.1,-1.4,16.3,16.2
00,385064.694,0,-1.4,16.3,16.4
01,385065.319,-0.2,-1.4,16.3,16.4
02,385066.068,-0.2,-1.2,16.5,16.6
03,385066.693,-0.3,-1.2,16.7,16.6
04,385067.318,-0.2,-0.9,16.8,16.5
05,385067.943,0,-0.7,16.9,16.4
06,385068.568,0,-0.7,17.1,16.4
07,385069.318,0,-0.7,17.4,16.5
08,385069.943,-0.1,-0.6,17.4,16.3
09,385070.568,-0.2,-0.6,17.2,16.1
00,385071.193,-0.3,-0.7,17.1,16.1
01,385071.817,-0.3,-0.9,17.1,16.3
02,385072.567,-0.2,-1,17.1,16.5
03,385073.192,-0.2,-1.1,17.3,16.7
04,385073.817,-0.2,-1.3,17.5,16.9
05,385074.442,-0.2,-1.3,17.7,16.9
06,385075.067,-0.2,-1.4,17.7,16.9
07,385075.817,-0.1,-1.4,17.6,16.8
08,385076.442,-0.1,-1.3,17.3,16.8
09,385077.067,-0.1,-1.2,17.1,16.7
00,385077.692,-0.3,-1.1,16.9,16.8
01,385078.317,-0.5,-0.9,16.8,17
02,385079.066,-0.6,-0.8,16.8,17.2
03,385079.691,-0.7,-0.9,16.8,17.1
04,385080.316,-0.7,-1,16.7,16.9
05,385080.941,-0.5,-1,16.6,16.8
06,385081.566,-0.4,-1,16.5,16.8
07,385082.316,-0.4,-1.2,16.5,16.8
08,385082.941,-0.6,-1.3,16.5,16.8
09,385083.566,-0.8,-1.4,16.7,16.9
00,385084.191,-1,-1.4,17,17.2
01,385084.815,-1.1,-1.3,17.3,17.4
02,385085.565,-1.3,-1.4,17.6,17.7
03,385086.19,-1.4,-1.5,17.9,17.9
04,385086.815,-1.6,-1.9,18,18
05,385087.44,-1.8,-2.2,18,17.9
06,385088.065,-1.7,-2.3,18,17.8
07,385088.815,-1.9,-2.4,18.1,17.9
08,385089.439,-1.9,-2.3,18.3,18.1
09,385090.064,-2,-2.1,18.4,18.2
00,385090.689,-2.1,-2,18.5,18.3
01,385091.439,-2.2,-2.2,18.8,18.5
02,385092.065,-2.4,-2.4,19,18.9
03,385092.69,-2.9,-3,19.1,19.2
04,385093.314,-3.3,-3.4,19,19.3
05,385093.939,-3.3,-3.4,18.8,19.1
06,385094.689,-3.2,-3.1,18.4,18.6
07,385095.314,-3.3,-2.9,18.5,18.6
08,385095.939,-3.5,-2.7,19.2,19.2
09,385096.563,-3.6,-2.6,19.8,19.9
00,385097.188,-3.8,-2.5,19.9,20.1
01,385097.938,-3.8,-2.4,20,20.2
02,385098.563,-3.8,-2.3,20.1,20.4
03,385099.188,-3.8,-2.2,20.3,20.5
04,385099.813,-4,-2.2,20.4,20.5
05,385100.437,-3.9,-2.2,20.4,20.3
06,385101.187,-3.6,-1.9,20.4,20.3
07,385101.812,-3.6,-1.9,20.4,20.5
08,385102.437,-3.6,-1.8,20.5,20.8
09,385103.062,-3.5,-1.8,20.5,21
00,385103.687,-3.5,-2.4,20.6,21
01,385104.437,-3.3,-2.7,20.6,21
02,385105.062,-3.1,-2.6,20.7,21
03,385105.686,-2.8,-2.6,20.7,20.8
04,385106.312,-2.7,-2.6,20.7,20.7
05,385106.937,-2.6,-2.5,20.7,20.6
06,385107.687,-2.7,-2.3,20.7,20.5
07,385108.311,-2.8,-2.3,20.6,20.7
08,385108.936,-2.9,-2.2,20.5,20.9
09,385109.561,-3,-2.3,20.3,21
00,385110.186,-3,-2.2,20.2,20.9
01,385110.811,-2.8,-2,20.2,20.7
02,385111.561,-2.6,-1.8,20.5,20.5
03,385112.185,-2.4,-1.7,20.7,20.5
04,385112.81,-2.3,-1.7,20.9,20.5
05,385113.435,-2.2,-1.7,20.8,20.4
06,385114.06,-2.1,-1.7,20.5,20.2
07,385114.686,-2.3,-1.7,20.2,20
08,385115.436,-2.7,-1.9,19.8,19.9
09,385116.06,-2.8,-1.8,19.6,19.8
00,385116.685,-2.7,-1.5,19.6,19.8
01,385117.31,-2.6,-1.5,19.8,19.9
02,385118.06,-2.5,-1.5,20.1,19.9
03,385118.685,-2.4,-1.6,20.3,19.7
04,385119.31,-2.4,-1.8,20.5,19.5
05,385119.935,-2.6,-2,20.6,19.6
06,385120.56,-2.8,-2.1,20.6,19.8
07,385121.309,-2.9,-2.1,20.3,19.9
08,385121.934,-2.9,-2,20.1,19.9
09,385122.559,-2.9,-1.9,20,19.9
00,385123.184,-3,-2,20.2,20
01,385123.809,-3,-2.1,20.3,20.1
02,385124.558,-2.9,-2.3,20.5,20.2
03,385125.183,-2.7,-2.4,20.7,20.3
04,385125.808,-2.6,-2.7,20.8,20.5
05,385126.433,-2.7,-2.8,21.1,20.9
06,385127.058,-2.6,-2.7,21.3,21.1
07,385127.808,-2.4,-2.3,21.6,21.1
08,385128.433,-2.4,-2.1,21.7,21.3
09,385129.183,-2.6,-2.3,21.8,21.2
00,385129.729,-2.7,-2.2,21.9,21.6
01,385130.354,-2.8,-2.1,22.2,21.9
02,385130.978,-2.8,-2.1,22.3,22.1
03,385131.603,-2.7,-2.2,22.4,22
04,385132.352,-2.6,-2.4,22.3,21.9
05,385132.976,-2.6,-2.6,22.3,21.9
06,385133.601,-2.5,-2.5,22.2,22.1
07,385134.225,-2.3,-2.5,21.9,22
08,385134.849,-2.1,-2.5,21.5,21.8
09,385135.599,-1.9,-2.8,20.8,21.2
00,385136.223,-1.8,-2.9,20.4,20.6
01,385136.848,-1.7,-3.1,20.1,20.1
02,385137.472,-1.7,-3.1,19.9,19.7
03,385138.096,-1.6,-3,19.8,19.6
04,385138.846,-1.4,-2.8,19.9,19.6
05,385139.47,-1.4,-2.7,20,19.7
06,385140.095,-1.3,-2.4,20,19.6
07,385140.719,-1.2,-2.1,20.1,19.6
08,385141.344,-1.4,-2.1,20.1,19.8
09,385142.093,-1.8,-2,20.3,20.2
00,385142.717,-1.8,-1.7,20.6,20.7
01,385143.342,-1.7,-1.3,21,21.2
02,385143.966,-1.5,-1,21.4,21.6
03,385144.59,-1.4,-0.9,21.7,21.8
04,385145.215,-1.4,-1.4,21.7,21.8
05,385145.964,-1.4,-1.8,21.4,21.5
06,385146.589,-1.3,-2,21.1,21.2
07,385147.213,-1.2,-2,21,21
08,385147.837,-1.1,-2,20.9,20.9
09,385148.462,-1,-2,21,21.1
00,385149.211,-1,-2,21.2,21.3
01,385149.836,-1,-2,21.3,21.5
02,385150.46,-1.1,-2.1,21.6,21.7
03,385151.084,-1.1,-2,21.8,21.8
04,385151.709,-1,-1.9,21.9,21.8
05,385152.458,-1,-1.7,22.1,21.8
06,385153.083,-1,-1.7,22.4,22
07,385153.707,-1,-1.6,22.6,22.1
08,385154.332,-1.1,-1.5,22.8,22.3
09,385154.956,-1.2,-1.4,23,22.6
00,385155.705,-1.4,-1.5,22.8,23
01,385156.33,-1.6,-1.9,22.4,23
02,385156.954,-1.7,-2.1,22,22.9
03,385157.578,-1.6,-2.2,21.5,22.5
04,385158.328,-1.5,-2.2,21.1,22
05,385158.952,-1.4,-2.4,20.9,21.8
06,385159.577,-1.5,-2.7,21,21.8
07,385160.201,-1.8,-3.1,21,22
08,385160.826,-1.9,-3.3,20.9,22
09,385161.575,-1.9,-3.3,20.8,21.8
00,385162.199,-1.9,-3.2,20.7,21.6
01,385162.824,-2,-3.1,20.7,21.5
02,385163.448,-2.2,-3.2,20.7,21.4
03,385164.072,-2.2,-3.3,20.6,21.4
04,385164.822,-2.2,-3.3,20.6,21.5
05,385165.446,-2.3,-3.5,20.6,21.6
06,385166.071,-2.5,-3.7,20.7,21.7
07,385166.695,-2.5,-3.8,20.8,21.8
08,385167.319,-2.5,-3.8,21,22
09,385167.944,-2.4,-3.7,21.1,22.2
00,385168.693,-2.3,-3.7,21,22.3
01,385169.317,-2,-3.4,20.9,22.1
02,385169.942,-1.9,-3.2,20.8,22
03,385170.566,-2,-3.1,20.7,21.9
04,385171.316,-2,-3.1,20.5,21.7
05,385171.94,-2,-3.2,20.5,21.6
06,385172.565,-2,-3.4,20.6,21.7
07,385173.189,-2,-3.5,20.7,21.8
08,385173.813,-1.9,-3.6,20.8,21.9
09,385174.688,-1.8,-3.5,21,22.3
00,385175.312,-1.8,-3.6,21.2,22.4
01,385175.936,-1.8,-3.5,21.4,22.4
02,385176.56,-1.9,-3.4,21.6,22.4
03,385177.185,-2,-3.5,21.8,22.5
04,385177.809,-2.1,-3.5,21.9,22.6
05,385178.433,-2.3,-3.3,21.9,22.7
06,385179.182,-2.5,-3.4,21.8,22.7
07,385179.806,-2.5,-3.4,21.8,22.6
08,385180.431,-2.3,-3.2,21.7,22.4
09,385181.055,-2.2,-3.1,21.4,22.1
00,385181.679,-2.1,-3.1,21.1,21.9
01,385182.428,-2.1,-3.1,21,21.7
02,385183.053,-2.2,-3.2,21.1,21.8
03,385183.677,-2.3,-3.3,21.2,21.8
04,385184.301,-2.2,-3.1,21.1,21.5
05,385185.05,-1.9,-2.7,21.1,21.2
06,385185.674,-1.8,-2.6,21,21
07,385186.299,-1.7,-2.6,20.9,20.9
08,385186.923,-1.8,-2.9,20.9,21
09,385187.548,-1.9,-3.1,21.1,21.2
00,385188.172,-2,-3.2,21.1,21.4
01,385188.921,-2.1,-3.3,21,21.5
02,385189.545,-2.1,-3.1,20.9,21.6
03,385190.169,-2.1,-3.2,20.8,21.6
04,385190.794,-2,-3.1,20.8,21.6
05,385191.418,-1.9,-2.9,20.7,21.5
06,385192.167,-1.8,-2.7,20.6,21.4
07,385192.791,-1.9,-2.9,20.6,21.5
08,385193.415,-1.9,-3.1,20.7,21.5
09,385194.04,-1.8,-2.9,20.8,21.6
00,385194.664,-1.6,-2.6,20.9,21.5
01,385195.413,-1.5,-2.3,21,21.6
02,385196.038,-1.5,-2,21.1,21.8
03,385196.662,-1.5,-2,21.4,22
04,385197.286,-1.3,-1.6,21.7,22.1
05,385197.91,-1,-1.3,22,22.1
06,385198.659,-0.7,-1.4,22.3,22.1
07,385199.284,-0.6,-1.5,22.4,22.2
08,385199.908,-0.5,-1.6,22.4,22.1
09,385200.532,-0.3,-1.2,22.1,21.9
00,385201.156,-0.3,-0.8,21.9,21.8
01,385201.906,-0.4,-0.9,21.9,22
02,385202.53,-0.7,-1.1,21.8,22.1
03,385203.154,-0.8,-1.4,21.7,22.1
04,385203.779,-0.9,-1.6,21.6,21.9
05,385204.403,-1,-1.8,21.4,21.8
06,385205.152,-1.2,-1.8,21.2,21.7
07,385205.776,-1.4,-1.9,21.1,21.7
08,385206.4,-1.4,-1.8,21,21.7
09,385207.025,-1.4,-1.7,21.2,21.8
00,385207.649,-1.2,-1.5,21.4,21.9
01,385208.398,-1.1,-1.6,21.7,22
02,385209.023,-1.2,-1.8,21.9,22.1
03,385209.647,-1.4,-2,22.1,22.2
04,385210.271,-1.4,-2.1,22.2,22.3
05,385211.02,-1.4,-2.2,22.3,22.4
06,385211.644,-1.5,-2.3,22.3,22.3
07,385212.269,-1.6,-2.4,22,22.1
08,385212.893,-1.7,-2.5,21.5,21.8
09,385213.517,-1.7,-2.4,21.1,21.4
00,385214.141,-1.6,-2.4,20.9,21.3
01,385214.891,-1.6,-2.8,21,21.3
02,385215.515,-1.8,-2.9,21.1,21.4
03,385216.139,-2.1,-3,21.2,21.6
04,385216.763,-2.2,-2.9,21.3,21.8
05,385217.388,-2.3,-3,21.3,21.9
06,385218.137,-2.5,-3.1,21.1,21.7
07,385218.761,-2.4,-3.1,20.9,21.5
08,385219.385,-2.4,-3.3,20.8,21.3
09,385220.01,-2.6,-3.2,20.8,21.2
00,385220.634,-2.9,-3.4,20.8,21.3
01,385221.383,-2.8,-3.3,20.7,21.3
02,385222.007,-2.7,-3.2,20.6,21.3
03,385222.632,-2.8,-3.4,20.5,21.2
04,385223.256,-2.9,-3.5,20.4,21
05,385223.88,-2.9,-3.5,20.4,21
06,385224.629,-2.8,-3.4,20.7,21
07,385225.253,-2.6,-3.5,20.9,21.1
08,385225.878,-2.4,-3.6,21.1,21.2
09,385226.502,-2.4,-3.6,21.3,21.3
00,385227.126,-2.3,-3.7,21.4,21.4
01,385227.875,-2.2,-3.6,21.4,21.3
02,385228.5,-2.2,-3.8,21.3,21.2
03,385229.124,-2.3,-3.9,21.3,21.2
04,385229.748,-2.3,-3.9,21.3,21.3
05,385230.373,-2.2,-3.8,21.4,21.4
06,385231.122,-2.5,-3.7,21.5,21.6
07,385231.746,-2.9,-4,21.6,21.7
08,385232.37,-3,-4,21.5,21.8
09,385232.994,-3,-3.9,21.4,21.7
00,385233.618,-2.8,-3.8,21.2,21.4
01,385234.367,-2.5,-3.5,21,21.1
02,385234.992,-2.3,-3.2,20.8,21
03,385235.616,-2.4,-3.5,20.8,21.1
04,385236.241,-2.5,-3.6,20.7,21.2
05,385236.865,-2.6,-3.8,20.5,21.2
06,385237.614,-2.7,-3.9,20.4,21.1
07,385238.238,-2.7,-3.7,20.5,21.1
08,385238.862,-2.5,-3.5,20.8,21.3
09,385239.487,-2.2,-3.4,21.2,21.5
00,385240.111,-1.9,-3.2,21.5,21.7
01,385240.86,-1.6,-3,21.8,21.9
02,385241.485,-1.7,-3.2,22.1,22.1
03,385242.109,-2.1,-3.3,22.3,22.3
04,385242.733,-2.2,-3.3,22.5,22.4
05,385243.357,-2.2,-3.3,22.6,22.6
06,385244.107,-2.3,-3.2,22.6,22.7
07,385244.731,-2.3,-3.3,22.2,22.6
08,385245.355,-2.4,-3.4,21.7,22.4
09,385245.979,-2.5,-3.5,21.3,22.3
00,385246.729,-2.7,-3.7,21.2,22.3
01,385247.353,-2.7,-3.6,21.1,22.3
02,385247.977,-2.7,-3.7,21,22.2
03,385248.601,-2.8,-3.6,21,22.1
04,385249.226,-2.9,-3.6,21,22
05,385249.85,-2.9,-3.5,21,21.9
06,385250.599,-2.9,-3.6,21.2,21.9
07,385251.223,-3,-3.5,21.5,22
08,385251.847,-2.8,-3.2,21.9,22.1
09,385252.472,-2.7,-3,22.2,22.2
00,385253.096,-2.7,-3,22.4,22.4
01,385253.845,-2.6,-3.1,22.5,22.4
02,385254.469,-2.5,-3.4,22.4,22.4
03,385255.094,-2.6,-3.6,22.3,22.5
04,385255.718,-2.6,-3.6,22.2,22.6
05,385256.342,-2.6,-3.8,22.3,22.8
06,385257.091,-2.6,-3.8,22.4,22.9
07,385257.715,-2.5,-3.7,22.6,23
08,385258.34,-2.2,-3.4,22.8,23
09,385258.964,-1.9,-3.2,22.9,23
00,385259.589,-1.8,-2.9,23.1,23.1
01,385260.213,-1.9,-3,23.3,23.1
02,385260.962,-1.8,-2.9,23.4,23.1
03,385261.586,-1.8,-2.7,23.3,23.1
04,385262.21,-1.8,-2.2,23.3,23
05,385262.835,-1.7,-2.1,23.2,23
06,385263.584,-1.7,-2,23.1,22.9
07,385264.208,-1.8,-1.9,23.1,23
08,385264.832,-1.8,-1.9,23,23.1
09,385265.457,-1.8,-2.1,22.9,23.4
00,385266.081,-1.7,-2.2,22.9,23.6
01,385266.705,-1.5,-2.1,23,23.6
02,385267.454,-1.4,-2.1,23,23.5
03,385268.079,-1.5,-2.2,23.1,23.5
04,385268.703,-1.7,-2.3,23.2,23.5
05,385269.327,-1.8,-2.5,23.2,23.5
06,385270.076,-1.8,-2.7,23.2,23.5
07,385270.701,-1.9,-2.8,23.2,23.6
08,385271.325,-1.8,-2.8,23.1,23.7
09,385272.199,-1.5,-2.7,23.1,23.9
00,385272.824,-1.4,-2.7,23.1,23.9
01,385273.449,-1.5,-2.9,23.1,23.8
02,385274.073,-1.6,-3,23.1,23.5
03,385274.698,-1.7,-3,23.2,23.5
04,385275.323,-1.9,-3,23.3,23.7
05,385275.948,-1.7,-2.8,23.3,23.9
06,385276.697,-1.5,-2.8,23.3,24
07,385277.322,-1.3,-3,23.3,24.1
08,385277.947,-1.2,-2.9,23.4,24.2
09,385278.572,-1.2,-2.9,23.4,24.1
00,385279.197,-1.4,-2.7,23.5,24
01,385279.947,-1.6,-2.3,23.5,23.8
02,385280.571,-1.4,-2,23.5,23.6
03,385281.196,-1.3,-1.9,23.6,23.6
04,385281.821,-1.3,-1.8,23.7,23.7
05,385282.446,-1.3,-1.6,23.7,23.8
06,385283.196,-1.2,-1.4,23.7,23.9
07,385283.821,-1.1,-1.4,23.9,24.1
08,385284.445,-1.1,-1.5,23.9,24.2
09,385285.07,-1,-1.4,23.9,24.2
00,385285.696,-1,-1.6,23.7,24.2
01,385286.32,-1.2,-1.8,23.7,24.3
02,385287.07,-1.5,-2,23.7,24.3
03,385287.695,-1.5,-2.1,23.8,24.4
04,385288.32,-1.4,-2.1,24,24.5
05,385288.944,-1.2,-2,24.3,24.8
06,385289.569,-1,-1.7,24.5,25.1
07,385290.319,-1,-1.7,24.5,25.1
08,385290.944,-1.1,-1.8,24.4,24.9
09,385291.569,-1.4,-2.1,24.4,24.8
00,385292.194,-1.8,-2.4,24.6,24.9
01,385292.819,-2.2,-2.6,24.8,25.1
02,385293.568,-2.2,-2.4,25,25.3
03,385294.193,-1.9,-2.2,25.3,25.7
04,385294.818,-1.7,-2.2,25.6,25.9
05,385295.442,-1.5,-2.2,25.7,25.9
06,385296.068,-1.4,-2.2,25.6,25.8
07,385296.818,-1.4,-2.5,25.4,25.7
08,385297.442,-1.4,-2.3,25.4,25.8
09,385298.067,-1.4,-2.2,25.4,25.8
00,385298.692,-1.5,-2.2,25.4,25.9
01,385299.442,-1.7,-2.7,25.7,26.2
02,385300.066,-1.6,-2.8,25.8,26.3
03,385300.692,-1.5,-2.6,25.7,26.1
04,385301.316,-1.6,-2.5,25.7,26.1
05,385301.941,-1.7,-2.5,25.9,26.2
06,385302.691,-1.7,-2.4,26,26.3
07,385303.316,-1.7,-2.3,26.2,26.4
08,385303.941,-1.9,-2.3,26.2,26.6
09,385304.566,-2.1,-2.4,26.2,26.8
00,385305.19,-2.2,-2.4,26.3,27
01,385305.94,-2.3,-2.5,26.4,27.1
02,385306.565,-2.3,-2.6,26.6,27.2
03,385307.19,-2.2,-2.6,26.8,27.3
04,385307.815,-2.1,-2.5,27.1,27.4
05,385308.439,-2,-2.4,27.3,27.6
06,385309.189,-2.1,-2.6,27.5,27.8
07,385309.814,-2.2,-2.7,27.4,27.8
08,385310.439,-2.4,-2.8,27.4,27.8
09,385311.064,-2.5,-3,27.3,27.8
00,385311.689,-2.7,-3.2,27.4,27.7
01,385312.313,-2.7,-3.1,27.5,27.8
02,385313.063,-2.6,-3.1,27.7,27.9
03,385313.688,-2.5,-2.9,27.7,28
04,385314.313,-2.4,-2.8,27.8,28.2
05,385314.938,-2.6,-2.9,28,28.4
06,385315.563,-2.7,-3,28.2,28.5
07,385316.312,-2.7,-3,28.1,28.4
08,385316.937,-2.5,-2.9,28.1,28.3
09,385317.562,-2.5,-3,28.1,28.3
00,385318.187,-2.5,-3.1,28.2,28.4
01,385318.812,-2.4,-3,28.3,28.5
02,385319.562,-2.6,-3,28.4,28.6
03,385320.187,-2.7,-3.1,28.5,28.7
04,385320.811,-2.8,-3.2,28.5,28.7
05,385321.436,-2.7,-3.2,28.3,28.5
06,385322.061,-2.7,-3,28.1,28.5
07,385322.811,-2.9,-3.1,28.2,28.6
08,385323.435,-2.9,-3.1,28.2,28.7
09,385324.06,-2.8,-3.2,28.3,28.8
00,385324.685,-2.7,-3.1,28.5,28.9
01,385325.31,-2.7,-3.3,28.6,29
02,385326.06,-2.8,-3.3,28.6,29
03,385326.685,-2.8,-3.3,28.4,28.9
04,385327.309,-2.7,-3.4,28.2,28.7
05,385327.935,-2.6,-3.4,28.2,28.7
06,385328.559,-2.8,-3.5,28.2,28.7
07,385329.309,-2.8,-3.6,28.4,28.8
08,385329.934,-2.8,-3.5,28.4,28.9
09,385330.559,-2.9,-3.6,28.3,28.8
00,385331.184,-2.9,-3.4,28.1,28.8
01,385331.808,-3,-3.5,28.1,28.8
02,385332.558,-2.9,-3.6,28.1,28.7
03,385333.183,-3,-3.6,28,28.7
04,385333.808,-3.1,-3.7,28,28.7
05,385334.433,-3.2,-3.6,28.1,28.8
06,385335.058,-3.3,-3.7,28.2,28.8
07,385335.807,-3.5,-4.1,28.2,28.6
08,385336.432,-3.5,-4.2,28.1,28.4
09,385337.057,-3.6,-4.3,28.1,28.4
00,385337.682,-3.7,-4.3,28.2,28.4
01,385338.307,-3.7,-4.2,28.2,28.4
02,385339.057,-3.7,-4.2,28.4,28.6
03,385339.681,-3.6,-4.3,28.4,28.7
04,385340.306,-3.4,-4.3,28.3,28.5
05,385340.931,-3.4,-4.3,28.2,28.4
06,385341.556,-3.7,-4.4,28.2,28.3
07,385342.306,-4.1,-4.5,28.3,28.3
08,385342.93,-4.2,-4.5,28.2,28.3
09,385343.555,-4.1,-4.6,28.2,28.3
00,385344.18,-3.8,-4.6,28.2,28.5
01,385344.93,-3.7,-4.6,28.1,28.6
02,385345.555,-3.8,-4.8,27.9,28.4
03,385346.18,-3.9,-4.8,27.9,28.2
04,385346.805,-4,-4.7,27.9,28
05,385347.429,-4,-4.6,27.6,27.9
06,385348.054,-4.2,-4.5,27.5,28
07,385348.804,-4.2,-4.5,27.5,28.1
08,385349.429,-4.1,-4.5,27.6,28.2
09,385350.054,-3.9,-4.4,27.6,28.2
00,385350.679,-3.9,-4.6,27.5,28
01,385351.303,-3.8,-4.6,27.3,27.7
02,385352.053,-3.8,-4.4,27.1,27.4
03,385352.678,-3.9,-4.3,26.7,27.1
04,385353.303,-3.9,-4.3,26.4,26.7
05,385353.927,-3.8,-4.2,26.3,26.5
06,385354.552,-3.6,-4.2,26.3,26.3
07,385355.302,-3.6,-4,26.3,26.2
08,385355.927,-3.6,-3.9,26.2,26.1
09,385356.552,-3.8,-4,26,25.8
00,385357.177,-3.8,-4,25.8,25.5
01,385357.801,-3.7,-4,25.5,25.3
02,385358.551,-3.4,-3.8,25.3,25.2
03,385359.176,-3.2,-3.7,25.4,25.3
04,385359.801,-3.2,-3.6,25.5,25.4
05,385360.426,-3.4,-3.7,25.6,25.5
06,385361.051,-3.4,-3.6,25.6,25.5
07,385361.801,-3.4,-3.6,25.2,25.3
08,385362.425,-3.3,-3.6,24.9,25.3
09,385363.176,-3.2,-3.6,24.6,25.1
00,385363.8,-3.3,-3.6,24.7,25.3
01,385364.424,-3.2,-3.4,24.9,25.5
02,385365.049,-3.1,-3.5,25.1,25.6
03,385365.673,-2.9,-3.6,25.1,25.6
04,385366.298,-2.9,-3.6,25.2,25.5
05,385366.922,-2.8,-3.5,25.1,25.3
06,385367.672,-2.7,-3.5,24.9,25.1
07,385368.296,-2.8,-3.6,24.9,25.1
08,385368.921,-2.8,-3.5,25,25.2
09,385369.545,-2.7,-3.5,25.1,25.3
00,385370.17,-2.7,-3.5,25.3,25.4
01,385370.92,-2.8,-3.5,25.4,25.4
02,385371.544,-2.9,-3.5,25.4,25.3
03,385372.168,-3,-3.4,25.3,25.2
04,385372.793,-2.9,-3.2,25.2,25
05,385373.417,-2.7,-3.1,25.3,25
06,385374.167,-2.7,-3,25.4,25.1
07,385374.791,-2.8,-3.1,25.3,25.2
08,385375.416,-3,-3.1,25.2,25.2
09,385376.04,-2.9,-2.9,25.1,25.2
00,385376.789,-2.7,-2.8,25,25.1
01,385377.414,-2.6,-2.9,24.9,24.9
02,385378.039,-2.5,-3.1,24.8,24.8
03,385378.663,-2.7,-3.3,24.8,24.8
04,385379.288,-2.9,-3.4,24.9,25
05,385380.037,-2.7,-3.5,25,25.1
06,385380.661,-2.5,-3.5,25,25.1
07,385381.286,-2.4,-3.4,24.9,25.1
08,385381.911,-2.5,-3.4,24.8,25
09,385382.535,-2.7,-3.3,24.6,24.8
00,385383.285,-2.9,-3.2,24.4,24.7
01,385383.909,-2.9,-3.2,24.2,24.6
02,385384.533,-2.8,-3.2,24.2,24.6
03,385385.158,-2.6,-3.1,24.3,24.6
04,385385.782,-2.6,-3.1,24.3,24.6
05,385386.407,-2.7,-2.8,24.3,24.6
06,385387.157,-2.8,-2.9,24.2,24.5
07,385387.781,-2.8,-3.1,24.2,24.3
08,385388.405,-2.7,-3.1,24.1,24.2
09,385389.03,-2.6,-3.3,24,24.2
00,385389.654,-2.6,-3.2,23.9,24.2
01,385390.404,-2.8,-3.4,23.8,24
02,385391.028,-2.8,-3.3,23.6,23.8
03,385391.653,-2.7,-3.3,23.5,23.6
04,385392.277,-2.7,-3.3,23.5,23.6
05,385392.902,-2.9,-3.4,23.6,23.7
06,385393.651,-2.9,-3.4,23.7,24
07,385394.276,-2.8,-3.3,23.7,24.1
08,385394.9,-2.9,-3.3,23.8,24.3
09,385395.525,-2.8,-3.3,23.8,24.3
00,385396.274,-3,-3.3,23.8,24.3
01,385396.899,-3.1,-3.3,23.8,24.1
02,385397.523,-2.9,-3.1,23.8,24
03,385398.148,-2.8,-3.1,23.8,24
04,385398.772,-2.9,-3.3,23.8,24.2
05,385399.397,-3,-3.8,23.8,24.4
06,385400.146,-3,-3.7,23.8,24.5
07,385400.77,-2.9,-3.7,23.8,24.4
08,385401.395,-3,-3.3,23.9,24.5
09,385402.02,-3,-3,23.9,24.5
00,385402.644,-3,-2.8,24,24.6
01,385403.393,-2.9,-3.1,24.2,24.5
02,385404.018,-2.9,-3.4,24.1,24.4
03,385404.643,-2.9,-3.6,24.1,24.3
04,385405.267,-3,-3.7,24.1,24.4
05,385405.891,-3.1,-3.7,24.2,24.5
06,385406.641,-2.9,-3.4,24.2,24.6
07,385407.265,-2.8,-3.4,24.2,24.5
08,385407.89,-3,-3.6,24.2,24.5
09,385408.515,-3.2,-3.7,24.1,24.5
00,385409.264,-3.4,-3.8,24,24.3
01,385409.888,-3.3,-3.8,23.9,24.1
02,385410.513,-3.1,-3.6,23.9,24.2
03,385411.137,-3,-3.4,23.9,24.3
04,385411.762,-2.9,-3.4,23.9,24.3
05,385412.511,-2.9,-3.5,23.8,24.3
06,385413.136,-2.8,-3.4,23.8,24.2
07,385413.76,-2.8,-3.4,23.6,24
08,385414.385,-2.8,-3.4,23.5,23.9
09,385415.009,-2.9,-3.5,23.3,23.7
00,385415.634,-2.8,-3.4,23.1,23.6
01,385416.383,-2.8,-3.3,23,23.5
02,385417.007,-2.7,-3.1,22.9,23.4
03,385417.632,-2.6,-2.9,22.9,23.3
04,385418.257,-2.6,-3,22.8,23.2
05,385419.006,-2.8,-3,22.5,23
06,385419.631,-2.9,-3.1,22.3,22.8
07,385420.255,-3,-3.2,22,22.5
08,385420.879,-2.9,-3.3,21.9,22.3
09,385421.504,-2.7,-3.1,21.8,22.1
00,385422.129,-2.5,-2.8,21.8,22.1
01,385422.878,-2.6,-2.9,21.7,22.1
02,385423.502,-2.6,-2.9,21.6,21.9
03,385424.127,-2.4,-2.9,21.5,21.7
04,385424.751,-2.3,-2.9,21.5,21.6
05,385425.376,-2.3,-3,21.5,21.6
06,385426.126,-2.4,-3.1,21.7,21.8
07,385426.75,-2.6,-3,21.7,21.9
08,385427.374,-2.7,-3.1,21.8,21.9
09,385427.999,-2.7,-3.1,21.8,21.9
00,385428.748,-2.8,-3.2,21.8,21.9
01,385429.373,-2.8,-3.2,21.8,21.9
02,385429.997,-2.7,-3.2,21.8,21.9
03,385430.622,-2.6,-3.1,21.9,21.9
04,385431.246,-2.7,-3,22,21.9
05,385431.996,-2.8,-3.2,22,22
06,385432.62,-2.8,-3.2,22.1,22.2
07,385433.245,-2.9,-3.2,22.2,22.4
08,385433.869,-3,-3.3,22.2,22.5
09,385434.494,-3,-3.3,22.1,22.5
00,385435.243,-3.1,-3.3,22,22.5
01,385435.868,-3.2,-3.5,22,22.4
02,385436.492,-3.2,-3.6,21.9,22.2
03,385437.117,-3.3,-3.8,22,22.2
04,385437.741,-3.3,-3.8,22.1,22.2
05,385438.366,-3.2,-3.7,22.3,22.4
06,385439.115,-3.2,-3.7,22.3,22.4
07,385439.74,-3.2,-3.8,22.2,22.4
08,385440.364,-3.3,-3.8,22.2,22.4
09,385440.989,-3.4,-3.8,22.1,22.3
00,385441.613,-3.6,-4,22,22.2
01,385442.362,-3.6,-4.1,21.9,22.1
02,385442.987,-3.5,-4,21.9,22.1
03,385443.611,-3.3,-3.8,21.9,22
04,385444.236,-3.1,-3.6,21.9,21.9
05,385444.861,-3.2,-3.8,21.8,21.7
06,385445.61,-3.4,-3.9,21.7,21.7
07,385446.234,-3.4,-3.9,21.7,21.7
08,385446.859,-3.4,-3.8,21.8,21.7
09,385447.483,-3.2,-3.7,21.7,21.6
00,385448.233,-3,-3.5,21.5,21.4
01,385448.857,-3,-3.5,21.3,21.3
02,385449.482,-3,-3.6,21.2,21.3
03,385450.106,-3,-3.5,21,21.3
04,385450.731,-3,-3.6,20.9,21.2
05,385451.48,-3,-3.5,20.8,21.1
06,385452.105,-2.9,-3.3,20.8,21
07,385452.729,-2.9,-3.4,20.9,20.9
08,385453.354,-3,-3.5,20.8,20.8
09,385453.978,-3.1,-3.5,20.8,20.7
00,385454.603,-3.1,-3.6,20.6,20.6
01,385455.352,-3.3,-3.5,20.4,20.5
02,385455.977,-3.3,-3.6,20.3,20.5
03,385456.601,-3.3,-3.5,20.3,20.5
04,385457.226,-3.1,-3.4,20.2,20.4
05,385457.85,-3,-3.3,20.3,20.3
06,385458.6,-2.9,-3.2,20.4,20.4
07,385459.224,-3,-3.2,20.5,20.4
08,385459.849,-3.3,-3.4,20.5,20.5
09,385460.473,-3.3,-3.4,20.6,20.6
00,385461.098,-3.3,-3.4,20.7,20.8
01,385461.847,-3.2,-3.5,20.9,21
02,385462.471,-3.1,-3.5,21,21.1
03,385463.096,-3.1,-3.4,21.1,21.2
04,385463.721,-3.2,-3.5,21.2,21.3
05,385464.345,-3.2,-3.5,21.2,21.4
06,385465.094,-3.2,-3.7,21.2,21.4
07,385465.719,-3.2,-3.6,21.2,21.4
08,385466.343,-3,-3.6,21.2,21.5
09,385466.968,-2.9,-3.5,21.1,21.5
00,385467.593,-2.9,-3.5,21.2,21.5
01,385468.342,-3,-3.6,21.3,21.6
02,385468.966,-3.1,-3.7,21.3,21.7
03,385469.591,-3.2,-3.7,21.4,21.7
04,385470.216,-3.3,-3.7,21.4,21.8
05,385470.965,-3.4,-3.8,21.5,21.9
06,385471.589,-3.2,-3.7,21.5,22
07,385472.214,-3.1,-3.7,21.4,22
08,385472.838,-3,-3.7,21.4,22
09,385473.463,-3.1,-3.9,21.5,22
00,385474.087,-3.1,-3.7,21.5,22
01,385474.837,-3.1,-3.5,21.4,21.7
02,385475.461,-2.9,-3.3,21.4,21.5
03,385476.086,-2.8,-3.2,21.4,21.5
04,385476.71,-2.8,-3.3,21.4,21.4
05,385477.335,-2.9,-3.5,21.3,21.3
06,385478.084,-2.9,-3.5,21.3,21.4
07,385478.709,-2.9,-3.3,21.3,21.5
08,385479.333,-3,-3.4,21.1,21.4
09,385479.957,-2.8,-3.3,21,21.3
00,385480.582,-2.7,-3.1,20.9,21.2
01,385481.332,-2.8,-3.1,20.8,21.1
02,385481.956,-2.8,-3.2,20.8,21
03,385482.581,-2.8,-3.1,20.8,21
04,385483.205,-2.8,-3.2,20.7,20.9
05,385483.829,-2.8,-3.3,20.7,20.9
06,385484.454,-2.6,-3.2,20.5,20.8
07,385485.203,-2.3,-3,20.4,20.6
08,385485.828,-2.2,-2.8,20.2,20.4
09,385486.453,-2.1,-2.8,20,20.2
00,385487.077,-2.3,-3,19.9,20.1
01,385487.827,-2.5,-3,19.7,20.1
02,385488.451,-2.6,-3,19.6,20
03,385489.075,-2.5,-3.1,19.6,20
04,385489.7,-2.5,-3,19.6,20
05,385490.324,-2.4,-3,19.7,20.1
06,385490.949,-2.3,-2.8,19.8,20.1
07,385491.698,-2.2,-2.7,19.9,20.2
08,385492.323,-2.5,-2.9,20,20.2
09,385493.197,-2.6,-2.9,20.1,20.4
00,385493.822,-2.6,-3,20.2,20.7
01,385494.446,-2.6,-3.1,20.3,20.9
02,385495.07,-2.4,-3,20.5,20.9
03,385495.695,-2.2,-2.8,20.6,20.9
04,385496.32,-2.2,-2.8,20.8,20.9
05,385496.944,-2.3,-2.9,20.8,21.1
06,385497.569,-2.3,-2.9,20.8,21.1
07,385498.318,-2.5,-3,20.7,21.2
08,385498.943,-2.6,-2.9,20.8,21.4
09,385499.567,-2.7,-2.9,20.8,21.4
00,385500.191,-2.4,-2.8,20.7,21.2
01,385500.816,-2.3,-2.8,20.7,21.2
02,385501.565,-2.4,-2.9,20.9,21.4
03,385502.19,-2.4,-3,21,21.4
04,385502.814,-2.6,-3.2,21.1,21.4
05,385503.439,-2.6,-3.2,21.2,21.3
06,385504.188,-2.5,-3.2,21.2,21.2
07,385504.813,-2.4,-3.1,21.2,21.3
08,385505.437,-2.4,-3.1,21.1,21.3
09,385506.061,-2.5,-3.2,21,21.2
00,385506.686,-2.4,-3.1,20.9,21.1
01,385507.31,-2.1,-2.9,20.7,20.9
02,385508.06,-2,-2.9,20.6,20.7
03,385508.684,-2,-2.8,20.5,20.6
04,385509.309,-2.1,-2.9,20.5,20.6
05,385509.933,-2.1,-2.9,20.5,20.6
06,385510.558,-2.1,-3,20.5,20.6
07,385511.307,-2,-2.8,20.6,20.6
08,385511.932,-2,-2.5,20.5,20.6
09,385512.556,-1.9,-2.5,20.3,20.6
00,385513.181,-1.8,-2.4,20.1,20.4
01,385513.805,-2,-2.5,19.9,20.2
02,385514.555,-2.1,-2.6,19.8,20.1
03,385515.179,-2.1,-2.7,19.8,20.2
04,385515.804,-2.1,-2.7,19.8,20.2
05,385516.428,-2.2,-2.5,19.8,20.2
06,385517.052,-2.2,-2.6,19.5,20.1
07,385517.802,-2.2,-2.5,19.2,19.8
08,385518.426,-2,-2.3,19,19.5
09,385519.051,-2,-2.3,18.8,19.3
00,385519.675,-2.1,-2.3,18.8,19.2
01,385520.3,-2.2,-2.4,18.8,19.2
02,385521.049,-2.2,-2.5,18.7,19
03,385521.673,-2.1,-2.3,18.7,18.9
04,385522.298,-2.1,-2.3,18.7,18.9
05,385522.923,-2.2,-2.4,18.6,18.8
06,385523.547,-2.3,-2.4,18.6,18.9
07,385524.297,-2.4,-2.5,18.7,19.1
08,385524.921,-2.5,-2.6,18.8,19.2
09,385525.545,-2.5,-2.7,18.8,19.2
00,385526.17,-2.5,-2.7,18.7,19.1
01,385526.794,-2.4,-2.7,18.8,19.1
02,385527.544,-2.3,-2.6,18.9,19.2
03,385528.168,-2.3,-2.6,19.1,19.2
04,385528.793,-2.2,-2.7,19.1,19.3
05,385529.417,-2.1,-2.7,19.1,19.2
06,385530.042,-2,-2.8,19,19.2
07,385530.791,-2.1,-2.8,19,19.3
08,385531.416,-2.3,-2.8,19.1,19.5
09,385532.04,-2.3,-2.9,19.2,19.6
00,385532.664,-2.2,-2.7,19.3,19.7
01,385533.414,-2.1,-2.7,19.4,19.8
02,385534.038,-2,-2.8,19.5,19.8
03,385534.663,-2.1,-2.7,19.5,19.8
04,385535.288,-2.2,-2.8,19.4,19.7
05,385535.912,-2.1,-2.8,19.3,19.6
06,385536.536,-2.1,-2.8,19.3,19.6
07,385537.286,-2.2,-3,19.4,19.7
08,385537.91,-2.2,-2.9,19.4,19.8
09,385538.535,-2.3,-2.8,19.3,19.7
00,385539.159,-2.3,-2.8,19.1,19.6
01,385539.783,-2.1,-2.7,18.9,19.4
02,385540.533,-1.9,-2.5,18.7,19.1
03,385541.158,-1.9,-2.6,18.7,19
04,385541.782,-2,-2.8,18.7,19.1
05,385542.407,-2.2,-2.9,18.8,19.2
06,385543.031,-2.3,-3,18.8,19.2
07,385543.78,-2.1,-2.8,18.7,19.1
08,385544.405,-1.9,-2.6,18.6,18.9
09,385545.029,-1.8,-2.5,18.4,18.7
00,385545.654,-1.8,-2.4,18.2,18.5
01,385546.403,-1.9,-2.4,18.2,18.5
02,385547.027,-1.9,-2.3,18.3,18.6
03,385547.652,-1.8,-2.5,18.3,18.5
04,385548.277,-1.7,-2.5,18.2,18.4
05,385548.901,-1.7,-2.4,18,18.2
06,385549.526,-1.7,-2.4,17.8,18.1
07,385550.275,-1.8,-2.5,17.5,17.9
08,385550.9,-1.8,-2.5,17.2,17.7
09,385551.524,-1.9,-2.5,17.1,17.6
00,385552.148,-1.8,-2.5,17.2,17.7
01,385552.773,-1.8,-2.4,17.2,17.7
02,385553.522,-1.7,-2.3,17.2,17.6
03,385554.147,-1.5,-2.1,17,17.4
04,385554.771,-1.4,-2,16.9,17.2
05,385555.396,-1.4,-2,16.8,17.1
06,385556.02,-1.4,-2,16.8,17
07,385556.77,-1.4,-2.1,16.9,17.1
08,385557.394,-1.4,-2.1,17,17.1
09,385558.019,-1.4,-2,17,17.1
00,385558.643,-1.4,-2.1,17,17.2
01,385559.393,-1.6,-2,17.2,17.4
02,385560.017,-1.7,-2.1,17.2,17.5
03,385560.641,-1.8,-2.2,17.2,17.5
04,385561.266,-1.7,-2.2,17.2,17.5
05,385561.89,-1.6,-2.2,17.2,17.4
06,385562.64,-1.5,-2,17.3,17.4
07,385563.264,-1.4,-1.9,17.3,17.4
08,385563.889,-1.5,-1.9,17.3,17.5
09,385564.513,-1.6,-2,17.4,17.6
00,385565.138,-1.7,-2.2,17.4,17.7
01,385565.762,-1.7,-2.4,17.5,17.7
02,385566.511,-1.6,-2.3,17.5,17.7
03,385567.136,-1.5,-2.1,17.5,17.7
04,385567.761,-1.3,-2,17.5,17.6
05,385568.385,-1.3,-2,17.4,17.6
06,385569.01,-1.4,-2,17.4,17.7
07,385569.759,-1.6,-2.3,17.5,17.9
08,385570.383,-1.6,-2.2,17.6,18
09,385571.008,-1.4,-2.2,17.5,18
00,385571.632,-1.3,-2.1,17.5,17.9
01,385572.257,-1.2,-1.9,17.5,17.9
02,385573.006,-1.3,-1.8,17.5,17.8
03,385573.631,-1.4,-1.9,17.5,17.7
04,385574.255,-1.6,-1.9,17.4,17.7
05,385574.88,-1.7,-1.9,17.4,17.7
06,385575.504,-1.5,-1.8,17.4,17.6
07,385576.253,-1,-1.5,17.4,17.6
08,385576.878,-1,-1.5,17.5,17.6
09,385577.502,-1,-1.5,17.5,17.7
00,385578.127,-1,-1.6,17.5,17.6
01,385578.752,-1.1,-1.5,17.4,17.5
02,385579.501,-1.1,-1.7,17.2,17.3
03,385580.125,-0.9,-1.7,17.1,17.1
04,385580.75,-0.8,-1.6,17,17
05,385581.374,-0.8,-1.6,16.9,17
06,385581.999,-0.9,-1.6,16.9,17
07,385582.748,-0.9,-1.5,16.8,16.9
08,385583.373,-1,-1.5,16.7,16.9
09,385583.997,-0.9,-1.5,16.6,16.8
00,385584.622,-0.7,-1.3,16.5,16.7
01,385585.246,-0.8,-1.3,16.4,16.6
02,385585.996,-0.9,-1.3,16.2,16.5
03,385586.62,-0.8,-1.3,16.1,16.4
04,385587.244,-0.8,-1.3,16.1,16.4
05,385587.869,-0.7,-1.3,16.1,16.4
06,385588.493,-0.6,-1.4,16.2,16.5
07,385589.243,-0.4,-1.2,16.3,16.6
08,385589.867,-0.5,-1.1,16.4,16.5
09,385590.492,-0.4,-1.1,16.4,16.5
00,385591.116,-0.3,-1,16.5,16.5
01,385591.866,-0.2,-0.8,16.7,16.8
02,385592.49,-0.2,-0.8,16.8,17
03,385593.115,-0.4,-0.9,16.8,17.1
04,385593.739,-0.4,-0.9,16.7,17.1
05,385594.364,-0.3,-0.9,16.7,17
06,385594.988,-0.3,-0.9,16.7,16.9
07,385595.738,-0.3,-0.9,16.7,16.9
08,385596.362,-0.4,-1,16.8,17
09,385596.986,-0.3,-0.9,16.9,17.2
00,385597.611,0,-0.7,17.1,17.3
01,385598.235,0,-0.8,17,17.2
02,385598.985,-0.2,-0.7,16.9,17
03,385599.61,-0.5,-1,16.9,17
04,385600.234,-0.7,-1.1,16.8,17
05,385600.858,-0.6,-0.9,16.7,17
06,385601.483,-0.3,-0.7,16.8,17.3
07,385602.232,-0.4,-0.8,17,17.5
08,385602.857,-0.5,-1,17,17.6
09,385603.481,-0.5,-1,17,17.6
00,385604.106,-0.5,-0.9,16.8,17.5
01,385604.73,-0.5,-0.9,16.6,17.2
02,385605.48,-0.5,-1,16.4,16.9
03,385606.104,-0.5,-1,16.6,17
04,385606.728,-0.4,-1,16.8,17.2
05,385607.353,-0.5,-1.1,17,17.4
06,385607.977,-0.5,-1,17,17.4
07,385608.727,-0.3,-0.9,16.9,17.2
08,385609.351,-0.3,-0.9,16.7,17
09,385609.976,-0.3,-0.7,16.5,16.7
00,385610.6,-0.2,-0.8,16.3,16.5
01,385611.225,-0.3,-0.9,16.2,16.5
02,385611.974,-0.3,-1,16.3,16.6
03,385612.598,-0.3,-1,16.4,16.7
04,385613.223,-0.3,-0.9,16.4,16.7
05,385613.848,-0.4,-0.8,16.3,16.6
06,385614.472,-0.4,-0.7,16.2,16.4
07,385615.221,-0.3,-0.7,15.9,16.1
08,385615.846,-0.1,-0.7,15.8,15.9
09,385616.47,0,-0.7,15.7,15.9
00,385617.095,-0.1,-0.6,15.7,16
01,385617.719,-0.3,-0.8,15.8,16.1
02,385618.468,-0.2,-0.7,15.8,16
03,385619.093,-0.1,-0.5,15.6,15.7
04,385619.718,-0.1,-0.7,15.3,15.5
05,385620.342,-0.2,-0.7,15.2,15.4
06,385620.967,-0.2,-0.6,15.3,15.4
07,385621.716,-0.3,-0.8,15.5,15.4
08,385622.341,-0.4,-1,15.5,15.5
09,385623.215,-0.3,-0.9,15.7,15.8
00,385623.84,-0.2,-0.6,15.8,15.9
01,385624.465,0,-0.5,15.8,15.8
02,385625.09,0.1,-0.5,15.8,15.8
03,385625.715,-0.1,-0.6,15.9,15.9
04,385626.34,-0.2,-0.6,15.9,16
05,385626.965,-0.3,-0.6,15.8,16.1
06,385627.59,-0.3,-0.8,15.8,16.2
07,385628.34,-0.4,-0.8,15.8,16.3
08,385628.965,-0.3,-0.7,15.8,16.3
09,385629.59,-0.1,-0.7,15.9,16.3
00,385630.215,0,-0.6,16,16.4
01,385630.84,0,-0.7,16.1,16.4
02,385631.59,-0.1,-0.8,16.2,16.4
03,385632.215,-0.4,-0.8,16.2,16.5
04,385632.84,-0.5,-0.7,16.2,16.6
05,385633.465,-0.3,-0.7,16.2,16.6
06,385634.09,-0.1,-0.6,16.1,16.6
07,385634.84,0.1,-0.6,16.2,16.6
08,385635.465,0,-0.6,16.4,16.7
09,385636.09,-0.1,-0.7,16.4,16.6
00,385636.715,-0.4,-0.9,16.2,16.4
01,385637.34,-0.4,-0.7,16.1,16.3
02,385638.09,-0.3,-0.5,16,16.3
03,385638.715,-0.2,-0.6,15.9,16.3
04,385639.34,-0.1,-0.5,15.8,16.2
05,385639.965,0,-0.3,15.9,16.2
06,385640.59,0.1,-0.3,15.9,16.2
07,385641.34,0,-0.5,15.9,16.1
08,385641.965,-0.1,-0.5,15.8,16
09,385642.59,0,-0.4,15.6,15.8
00,385643.215,0.2,-0.2,15.4,15.5
01,385643.84,0.3,-0.2,15.3,15.3
02,385644.59,0.3,-0.2,15.2,15.3
03,385645.215,0.3,-0.4,15.3,15.3
04,385645.84,0.3,-0.4,15.3,15.3
05,385646.465,0.4,-0.3,15.2,15.2
06,385647.09,0.4,-0.3,15.1,15.1
07,385647.84,0.4,-0.4,14.9,14.9
08,385648.465,0.4,-0.3,14.7,14.7
09,385649.09,0.5,-0.2,14.6,14.6
00,385649.715,0.5,-0.2,14.5,14.6
01,385650.34,0.4,-0.2,14.4,14.6
02,385650.965,0.4,-0.1,14.3,14.6
03,385651.715,0.5,0,14.1,14.4
04,385652.34,0.5,-0.2,14,14.3
05,385652.965,0.5,-0.2,13.9,14.1
06,385653.59,0.5,-0.2,13.8,14.1
07,385654.215,0.3,0,13.8,14.1
08,385654.965,0.2,-0.2,13.8,14.2
09,385655.59,0.1,-0.4,13.9,14.4
00,385656.215,0,-0.4,14,14.6
01,385656.84,0,-0.5,14.2,14.8
02,385657.59,0.3,-0.3,14.2,14.9
03,385658.215,0.4,-0.2,14.1,14.7
04,385658.84,0.4,-0.3,14.1,14.6
05,385659.465,0.3,-0.5,14.1,14.5
06,385660.09,0,-0.6,14.2,14.6
07,385660.84,-0.1,-0.6,14.4,14.7
08,385661.465,-0.1,-0.9,14.7,14.8
09,385662.09,-0.1,-1,14.8,14.9
00,385662.715,-0.2,-1,14.7,14.9
01,385663.34,-0.2,-0.9,14.6,14.8
02,385664.09,0,-0.7,14.5,14.9
03,385664.715,-0.2,-0.8,14.5,15
04,385665.34,-0.4,-0.9,14.5,15.2
05,385665.965,-0.4,-1.1,14.6,15.3
06,385666.59,-0.6,-1.3,14.7,15.4
07,385667.34,-0.7,-1.3,14.8,15.3
08,385667.965,-0.6,-1.2,14.8,15.2
09,385668.59,-0.6,-1.2,14.8,15.2
00,385669.215,-0.5,-1.1,14.8,15.2
01,385669.84,-0.4,-1.1,14.9,15.3
02,385670.59,-0.4,-1,15,15.4
03,385671.215,-0.5,-0.9,15.1,15.4
04,385671.84,-0.5,-1,15,15.3
05,385672.465,-0.4,-1,14.8,15.2
06,385673.09,-0.4,-1.2,14.7,15.1
07,385673.84,-0.5,-1.4,14.6,15
08,385674.465,-0.6,-1.2,14.6,15
09,385675.09,-0.5,-1.2,14.7,14.9
00,385675.715,-0.5,-1.1,14.8,14.9
01,385676.34,-0.3,-0.9,14.8,14.9
02,385677.09,-0.2,-0.9,14.6,14.7
03,385677.715,-0.3,-0.9,14.5,14.5
04,385678.34,-0.5,-1.2,14.4,14.4
05,385678.965,-0.7,-1.4,14.2,14.3
06,385679.59,-0.9,-1.4,14.1,14.2
07,385680.215,-0.8,-1.2,14.2,14.3
08,385680.965,-0.6,-1,14.3,14.4
09,385681.59,-0.5,-1,14.2,14.3
00,385682.215,-0.6,-1,14,14.2
01,385682.84,-0.8,-1.2,13.9,14.1
02,385683.465,-0.9,-1.4,13.7,13.8
03,385684.215,-0.9,-1.3,13.4,13.5
04,385684.84,-1,-1.5,13.2,13.2
05,385685.465,-1,-1.5,13.1,13.2
06,385686.09,-0.8,-1.4,13.1,13.2
07,385686.84,-0.8,-1.5,13.3,13.4
08,385687.465,-0.7,-1.2,13.4,13.5
09,385688.09,-0.7,-1.4,13.4,13.5
00,385688.715,-0.9,-1.5,13.3,13.5
01,385689.34,-0.9,-1.5,13.3,13.5
02,385690.09,-0.9,-1.7,13.2,13.5
03,385690.715,-0.9,-1.5,13.2,13.5
04,385691.34,-0.9,-1.5,13.2,13.4
05,385691.965,-0.9,-1.7,13.3,13.4
06,385692.591,-1.1,-1.9,13.4,13.6
07,385693.34,-1.4,-1.9,13.5,13.7
08,385693.965,-1.4,-1.8,13.6,13.6
09,385694.59,-1.3,-1.9,13.6,13.7
00,385695.215,-1.3,-2,13.6,13.8
01,385695.84,-1.4,-2.1,13.5,13.8
02,385696.465,-1.5,-2,13.4,13.8
03,385697.215,-1.4,-1.9,13.4,13.8
04,385697.84,-1.3,-2,13.5,13.8
05,385698.465,-1.2,-2,13.5,13.8
06,385699.09,-1.4,-2.2,13.5,14
07,385699.715,-1.5,-2,13.5,14
08,385700.465,-1.5,-1.8,13.3,13.8
09,385701.09,-1.6,-2.1,13.4,13.8
00,385701.715,-1.5,-2,13.6,13.8
01,385702.34,-1.4,-2.1,13.7,13.9
02,385702.965,-1.4,-2.1,13.8,14
03,385703.715,-1.3,-2,13.7,13.9
04,385704.34,-1.3,-2,13.5,13.7
05,385704.965,-1.4,-1.8,13.4,13.6
06,385705.59,-1.6,-2,13.3,13.6
07,385706.215,-1.7,-2,13.2,13.7
08,385706.965,-1.8,-2,13.1,13.6
09,385707.59,-1.7,-2,13.1,13.4
00,385708.215,-1.4,-1.9,13.2,13.2
01,385708.84,-1.3,-2,13,13
02,385709.465,-1.4,-2,12.7,12.7
03,385710.215,-1.5,-2.1,12.5,12.6
04,385710.84,-1.4,-2,12.5,12.7
05,385711.465,-1.5,-2,12.5,12.7
06,385712.09,-1.4,-2,12.5,12.6
07,385712.715,-1.3,-1.9,12.5,12.5
08,385713.465,-1.3,-1.8,12.5,12.6
09,385714.09,-1.3,-1.7,12.4,12.5
00,385714.715,-1.2,-1.6,12.1,12.4
01,385715.34,-1.2,-1.7,12,12.2
02,385716.09,-1.2,-1.7,11.9,12.1
03,385716.715,-1.2,-1.7,11.9,12
04,385717.34,-1.3,-1.9,11.9,12.1
05,385717.965,-1.2,-1.9,12,12.1
06,385718.59,-1.1,-1.9,12,12.1
07,385719.34,-1,-1.7,12,12.3
08,385719.966,-1.1,-1.8,12.1,12.4
09,385720.59,-1.4,-1.8,12.1,12.5
00,385721.215,-1.3,-1.7,12.1,12.4
01,385721.84,-1.2,-1.6,12.2,12.4
02,385722.466,-1.3,-1.5,12.2,12.5
03,385723.215,-1.5,-1.8,12.3,12.6
04,385723.84,-1.6,-2,12.4,12.8
05,385724.465,-1.7,-2,12.5,12.8
06,385725.09,-1.7,-2,12.6,12.9
07,385725.84,-1.6,-2,12.6,12.8
08,385726.465,-1.6,-2,12.7,12.8
09,385727.09,-1.6,-2,12.8,12.9
00,385727.715,-1.6,-1.9,12.8,13.1
01,385728.34,-1.7,-2.1,12.8,13.2
02,385728.965,-1.7,-2.2,12.8,13.3
03,385729.715,-1.5,-2.1,12.9,13.2
04,385730.34,-1.4,-2.1,13,13.2
05,385730.966,-1.5,-2,13.1,13.2
06,385731.59,-1.8,-2.1,13.1,13.2
07,385732.215,-1.8,-2.1,13.1,13.3
08,385732.965,-1.7,-2.1,13,13.2
09,385733.59,-1.7,-2.1,13,13.2
00,385734.215,-1.5,-2,13,13.1
01,385734.84,-1.5,-2,12.9,13.2
02,385735.465,-1.7,-2.3,12.9,13.2
03,385736.215,-1.6,-2.2,13,13.3
04,385736.84,-1.6,-2.3,13.1,13.3
05,385737.465,-1.7,-2.4,13,13.3
06,385738.09,-1.7,-2.4,12.8,13.1
07,385738.715,-1.6,-2.2,12.7,13
08,385739.465,-1.6,-2.1,12.5,12.9
09,385740.09,-1.5,-2.1,12.4,12.8
00,385740.715,-1.4,-1.9,12.3,12.7
01,385741.34,-1.4,-1.9,12.3,12.7
02,385741.966,-1.5,-2,12.4,12.8
03,385742.715,-1.5,-2.1,12.3,12.7
04,385743.34,-1.3,-2.1,12.1,12.4
05,385743.965,-1.2,-2,12.1,12.2
06,385744.59,-1.2,-1.9,12.1,12.1
07,385745.341,-1.3,-2.1,12,12.1
08,385745.965,-1.5,-2.2,11.9,12.2
09,385746.59,-1.5,-2,11.9,12.3
00,385747.215,-1.4,-1.8,12,12.3
01,385747.84,-1.1,-1.7,11.9,12.2
02,385748.59,-0.8,-1.6,11.7,11.9
03,385749.215,-0.8,-1.6,11.5,11.8
04,385749.84,-0.8,-1.7,11.3,11.7
05,385750.465,-0.9,-1.8,11.3,11.6
06,385751.09,-1,-1.8,11.5,11.7
07,385751.715,-1,-1.7,11.7,11.7
08,385752.465,-1,-1.7,11.7,12
09,385753.215,-1.1,-1.7,11.7,12.1
00,385753.84,-1,-1.6,11.8,12.2
01,385754.465,-0.9,-1.6,11.7,12.1
02,385755.09,-1,-1.6,11.7,12
03,385755.715,-1.2,-1.7,11.8,12
04,385756.34,-1.3,-2,12,12.2
05,385756.964,-1.4,-2.1,12.1,12.3
06,385757.589,-1.4,-2,12.1,12.3
07,385758.339,-1.2,-1.7,11.9,12.2
08,385758.964,-1.1,-1.6,11.8,12
09,385759.589,-1.2,-1.6,11.6,11.9
00,385760.213,-1.4,-1.7,11.5,11.9
01,385760.838,-1.5,-1.8,11.5,11.9
02,385761.588,-1.4,-1.9,11.5,11.9
03,385762.213,-1.4,-1.8,11.5,11.9
04,385762.837,-1.3,-1.7,11.5,11.8
05,385763.462,-1.3,-1.6,11.5,11.7
06,385764.087,-1.3,-1.5,11.4,11.6
07,385764.837,-1.3,-1.4,11.3,11.5
08,385765.461,-1.3,-1.6,11.3,11.6
09,385766.086,-1.2,-1.7,11.2,11.6
00,385766.711,-1.1,-1.7,11,11.4
01,385767.336,-1.1,-1.7,10.8,11.3
02,385768.086,-1.2,-1.8,10.9,11.3
03,385768.71,-1.2,-1.7,10.9,11.2
04,385769.335,-1.1,-1.6,10.8,10.9
05,385769.96,-1,-1.6,10.6,10.8
06,385770.585,-0.9,-1.6,10.4,10.8
07,385771.334,-0.9,-1.6,10.2,10.7
08,385771.959,-0.8,-1.5,10,10.6
09,385772.584,-0.8,-1.4,10,10.4
00,385773.209,-0.8,-1.4,10,10.2
01,385773.834,-0.9,-1.6,10,10.1
02,385774.583,-1,-1.6,9.9,9.9
03,385775.208,-0.9,-1.5,9.7,9.8
04,385775.833,-0.8,-1.3,9.4,9.7
05,385776.458,-0.7,-1.2,9.2,9.6
06,385777.083,-0.6,-1.1,9,9.6
07,385777.832,-0.6,-0.9,8.8,9.4
08,385778.457,-0.7,-1.1,8.6,9.1
09,385779.082,-0.7,-1.1,8.4,8.8
00,385779.707,-0.8,-1.3,8.3,8.6
01,385780.456,-0.7,-1.2,8.2,8.5
02,385781.081,-0.6,-1.2,8.1,8.5
03,385781.706,-0.6,-1,8.1,8.5
04,385782.331,-0.6,-1,8,8.5
05,385782.956,-0.5,-1,7.8,8.3
06,385783.58,-0.5,-1,7.5,8
07,385784.33,-0.4,-1.1,7.3,7.7
08,385784.955,-0.5,-1.1,7.3,7.8
09,385785.58,-0.5,-1.3,7.4,7.9
00,385786.205,-0.5,-1.2,7.5,8.1
01,385786.83,-0.6,-1.4,7.7,8.3
02,385787.579,-0.7,-1.5,7.8,8.4
03,385788.204,-0.7,-1.2,7.7,8.2
04,385788.829,-0.8,-1.3,7.6,8.1
05,385789.454,-0.9,-1.3,7.6,8.1
06,385790.078,-0.8,-1.4,7.7,8.1
07,385790.828,-0.8,-1.3,7.7,8.1
08,385791.453,-0.7,-1.2,7.8,8.1
09,385792.078,-0.8,-1.2,7.8,8.1
00,385792.703,-1.1,-1.2,7.8,8.1
01,385793.327,-1.1,-1.3,7.8,8.1
02,385794.077,-0.9,-1.5,7.8,8.2
03,385794.702,-0.9,-1.4,7.9,8.3
04,385795.327,-0.9,-1.2,8,8.3
05,385795.951,-0.9,-1.3,8,8.3
06,385796.576,-0.9,-1.4,8,8.3
07,385797.326,-0.9,-1.4,8.1,8.3
08,385797.951,-0.9,-1.6,8.1,8.2
09,385798.576,-0.9,-1.6,8,8.2
00,385799.2,-1,-1.5,8,8.2
01,385799.825,-1,-1.6,7.9,8.2
02,385800.575,-1.1,-1.5,7.8,8.2
03,385801.199,-1.1,-1.4,7.8,8.2
04,385801.824,-0.9,-1.3,7.8,8.3
05,385802.449,-0.6,-1.2,7.7,8.2
06,385803.074,-0.7,-1.5,7.6,8.1
07,385803.699,-1,-1.6,7.5,8
08,385804.448,-0.8,-1.3,7.4,8
09,385805.073,-0.8,-1.4,7.5,8.1
00,385805.698,-0.9,-1.4,7.6,8.1
01,385806.323,-0.8,-1.3,7.5,8
02,385806.948,-0.7,-1.2,7.4,7.8
03,385807.698,-0.8,-1.3,7.2,7.5
04,385808.322,-0.9,-1.2,7,7.4
05,385808.947,-0.9,-1.3,6.8,7.2
06,385809.572,-1,-1.5,6.6,7.1
07,385810.197,-1,-1.5,6.6,7
08,385810.946,-1,-1.4,6.7,6.9
09,385811.571,-1,-1.4,6.7,6.9
00,385812.196,-1.1,-1.4,6.5,6.8
01,385812.82,-0.9,-1.3,6.2,6.5
02,385813.445,-0.7,-1.2,5.9,6.2
03,385814.196,-0.8,-1.2,5.7,6
04,385814.82,-0.8,-1.3,5.5,5.8
05,385815.445,-0.7,-1.2,5.4,5.6
06,385816.07,-0.7,-1.3,5.4,5.5
07,385816.82,-0.7,-1.3,5.4,5.4
08,385817.444,-0.7,-1.2,5.2,5.3
09,385818.069,-0.8,-1.4,5.1,5.3
00,385818.694,-0.7,-1.3,5,5.3
01,385819.319,-0.9,-1.2,5,5.4
02,385819.943,-1,-1.2,5,5.4
03,385820.693,-1,-1.2,5.1,5.5
04,385821.318,-1,-1.2,5.3,5.5
05,385821.943,-0.9,-1.2,5.5,5.6
06,385822.568,-0.9,-1.5,5.5,5.6
07,385823.192,-1,-1.6,5.4,5.6
08,385823.942,-0.8,-1.4,5.2,5.5
09,385824.567,-0.7,-1.2,5.1,5.5
00,385825.192,-0.9,-1.3,5.1,5.5
01,385825.817,-1.1,-1.4,5.2,5.6
02,385826.566,-1.1,-1.5,5.2,5.5
03,385827.191,-1,-1.5,5.2,5.4
04,385827.816,-0.9,-1.4,5.2,5.4
05,385828.441,-0.9,-1.5,5.1,5.3
06,385829.065,-0.9,-1.5,4.9,5.2
07,385829.815,-1,-1.4,4.7,5.1
08,385830.44,-1,-1.4,4.7,5.2
09,385831.065,-1.2,-1.6,4.7,5.3
00,385831.69,-1.4,-1.9,4.7,5.2
01,385832.314,-1.3,-1.8,4.6,5.1
02,385832.939,-1.1,-1.7,4.5,4.9
03,385833.689,-1,-1.7,4.2,4.5
04,385834.314,-1.1,-1.6,3.9,4.2
05,385834.939,-1.2,-1.6,3.7,4.1
06,385835.564,-1.5,-1.9,3.7,4.1
07,385836.188,-1.7,-2,3.7,4.2
08,385836.938,-1.7,-2.1,3.7,4
09,385837.562,-1.5,-2.1,3.6,3.9
00,385838.187,-1.3,-1.9,3.5,3.6
01,385838.812,-1.2,-1.7,3.2,3.3
02,385839.437,-1.1,-1.8,3,3.1
03,385840.187,-1.1,-1.7,2.9,3
04,385840.812,-1.1,-1.8,2.7,2.9
05,385841.437,-1.3,-2.1,2.5,2.9
06,385842.061,-1.4,-2.1,2.4,2.9
07,385842.811,-1.4,-2.1,2.3,2.9
08,385843.435,-1.1,-1.9,2.1,2.5
09,385844.06,-0.9,-1.7,1.9,2.2
00,385844.685,-0.9,-1.8,1.8,1.8
01,385845.31,-0.9,-1.7,1.5,1.6
02,385846.06,-1,-1.7,1.2,1.3
03,385846.685,-1.2,-1.8,1.1,1.3
04,385847.309,-1.2,-1.8,1,1.2
05,385847.934,-1.1,-1.7,0.8,1.1
06,385848.559,-1,-1.6,0.7,0.9
07,385849.184,-1.1,-1.7,0.6,0.8
08,385849.934,-1.1,-1.8,0.6,0.8
09,385850.558,-1.2,-2,0.6,0.9
00,385851.183,-1.1,-1.9,0.6,0.9
01,385851.808,-1,-1.7,0.6,0.9
02,385852.558,-1,-1.7,0.7,0.8
03,385853.182,-1,-1.7,0.7,0.7
04,385853.807,-1,-1.7,0.8,0.7
05,385854.432,-1.1,-1.7,0.8,0.8
06,385855.057,-1.2,-2,0.8,0.9
07,385855.807,-1.3,-2.2,0.9,1.1
08,385856.431,-1.2,-2,1,1.2
09,385857.056,-1.2,-1.9,1,1.2
00,385857.681,-1.1,-1.8,1,1.2
01,385858.306,-0.9,-1.6,0.8,1.1
02,385858.93,-0.9,-1.6,0.8,1
03,385859.68,-0.9,-1.7,0.8,1
04,385860.305,-1.1,-1.8,0.7,0.9
05,385860.93,-1.2,-1.7,0.8,1
06,385861.554,-1.2,-1.7,0.8,1.1
07,385862.179,-1,-1.6,0.8,1.1
08,385862.929,-0.8,-1.5,0.6,1
09,385863.554,-0.8,-1.5,0.5,0.9
00,385864.179,-1,-1.7,0.5,0.8
01,385864.804,-1.2,-1.8,0.5,0.9
02,385865.428,-1.3,-1.7,0.5,0.9
03,385866.178,-1.2,-1.6,0.5,0.9
04,385866.803,-1.1,-1.6,0.6,0.9
05,385867.428,-1.1,-1.5,0.6,0.9
06,385868.053,-1.2,-1.7,0.6,0.7
07,385868.677,-1.2,-1.8,0.5,0.5
08,385869.427,-1.3,-1.9,0.3,0.4
09,385870.052,-1.4,-1.9,0.1,0.3
00,385870.677,-1.4,-1.9,0.1,0.3
01,385871.301,-1.4,-1.9,0.2,0.4
02,385872.051,-1.4,-1.8,0.1,0.4
03,385872.676,-1.1,-1.6,0,0.2
04,385873.301,-0.9,-1.4,-0.2,0.1
05,385873.926,-0.8,-1.4,-0.3,0
06,385874.551,-0.9,-1.5,-0.5,-0.1
07,385875.3,-1.1,-1.5,-0.5,-0.2
08,385875.925,-1.2,-1.5,-0.4,-0.1
09,385876.55,-1.2,-1.5,-0.3,0
00,385877.174,-1.1,-1.4,-0.5,-0.1
01,385877.799,-0.8,-1.4,-0.7,-0.3
02,385878.549,-0.7,-1.3,-0.9,-0.5
03,385879.174,-0.8,-1.3,-1,-0.7
04,385879.798,-0.8,-1.3,-1,-0.9
05,385880.423,-0.6,-1.2,-1,-1
06,385881.048,-0.6,-1.3,-1,-1.1
07,385881.673,-0.6,-1.2,-1,-1.1
08,385882.423,-0.6,-1.1,-1.1,-1
09,385883.173,-0.7,-1,-1.1,-0.9
00,385883.798,-1.1,-1.3,-1.1,-0.8
01,385884.422,-1.2,-1.4,-1.2,-0.9
02,385885.047,-0.9,-1.2,-1.1,-1
03,385885.672,-0.6,-1.1,-1,-0.9
04,385886.297,-0.4,-0.9,-0.9,-0.8
05,385887.048,-0.4,-1.1,-0.8,-0.6
06,385887.672,-0.4,-1.1,-0.7,-0.5
07,385888.298,-0.4,-1.1,-0.6,-0.5
08,385888.923,-0.5,-1.2,-0.6,-0.5
09,385889.548,-0.6,-1.3,-0.6,-0.6
00,385890.297,-0.7,-1.2,-0.6,-0.6
01,385890.923,-0.6,-1,-0.5,-0.4
02,385891.547,-0.6,-0.8,-0.5,-0.2
03,385892.172,-0.4,-0.8,-0.4,-0.1
04,385892.798,-0.4,-0.8,-0.2,0
05,385893.548,-0.5,-0.9,-0.2,0
06,385894.173,-0.6,-1.1,-0.2,0
07,385894.798,-0.7,-1.1,-0.3,0.1
08,385895.423,-0.7,-1.1,-0.4,0.1
09,385896.048,-0.8,-1.1,-0.5,0.1
00,385896.798,-0.7,-1,-0.5,0.3
01,385897.423,-0.6,-0.8,-0.3,0.4
02,385898.048,-0.6,-1,-0.1,0.5
03,385898.673,-0.5,-1.1,0,0.6
04,385899.298,-0.6,-0.9,0.2,0.8
05,385900.048,-0.8,-1.1,0,0.6
06,385900.673,-0.6,-1,-0.3,0.2
07,385901.298,-0.4,-0.7,-0.4,0.1
08,385901.923,-0.3,-0.5,-0.4,0.1
09,385902.548,-0.3,-0.4,-0.3,0.2
00,385903.298,-0.3,-0.6,-0.2,0.4
01,385903.923,-0.4,-0.7,-0.1,0.5
02,385904.548,-0.5,-0.8,-0.1,0.6
03,385905.173,-0.7,-0.9,-0.2,0.4
04,385905.798,-0.6,-0.8,-0.3,0.2
05,385906.548,-0.4,-0.8,-0.4,0
06,385907.173,-0.4,-0.8,-0.4,-0.1
07,385907.798,-0.3,-0.7,-0.4,-0.2
08,385908.423,-0.2,-0.7,-0.4,0
09,385909.048,-0.4,-0.8,-0.4,0
00,385909.798,-0.5,-0.8,-0.6,0
01,385910.423,-0.5,-0.8,-0.7,-0.2
02,385911.048,-0.4,-0.7,-0.8,-0.3
03,385911.673,-0.4,-0.6,-0.8,-0.4
04,385912.298,-0.3,-0.6,-0.7,-0.5
05,385913.048,-0.2,-0.9,-0.6,-0.5
06,385913.673,-0.2,-1,-0.5,-0.5
07,385914.298,-0.3,-0.9,-0.5,-0.4
08,385914.923,-0.5,-0.9,-0.6,-0.5
09,385915.548,-0.6,-0.8,-0.6,-0.6
00,385916.298,-0.4,-0.7,-0.6,-0.6
01,385916.923,-0.3,-0.8,-0.6,-0.4
02,385917.548,-0.4,-0.7,-0.5,-0.3
03,385918.173,-0.5,-0.7,-0.3,-0.1
04,385918.798,-0.6,-0.7,-0.2,0.2
05,385919.548,-0.7,-0.8,0.1,0.5
06,385920.173,-0.7,-0.9,0.3,0.7
07,385920.798,-0.6,-0.8,0.5,0.8
08,385921.423,-0.4,-0.6,0.6,0.9
09,385922.048,-0.3,-0.5,0.7,0.9
00,385922.798,-0.4,-0.8,0.6,1
01,385923.423,-0.5,-0.8,0.5,1.1
02,385924.048,-0.5,-0.8,0.4,1
03,385924.673,-0.5,-0.9,0.4,1.1
04,385925.298,-0.6,-0.9,0.6,1.1
05,385925.923,-0.7,-1.1,0.8,1.3
06,385926.673,-0.6,-1.1,1.1,1.5
07,385927.298,-0.5,-0.8,1.2,1.6
08,385927.923,-0.4,-0.6,1.1,1.5
09,385928.548,-0.5,-0.5,1,1.4
00,385929.173,-0.6,-0.6,1,1.3
01,385929.923,-0.6,-0.9,1,1.3
02,385930.548,-0.6,-1.1,1.1,1.4
03,385931.173,-0.7,-1.2,1.2,1.5
04,385931.798,-0.7,-1,1.2,1.5
05,385932.548,-0.7,-0.8,1.1,1.4
06,385933.173,-0.7,-0.7,0.9,1.2
07,385933.798,-0.6,-0.7,0.8,1
08,385934.423,-0.5,-0.8,0.8,1
09,385935.049,-0.6,-0.9,0.8,1
00,385935.798,-0.8,-0.9,0.7,0.9
01,385936.423,-0.8,-0.9,0.6,0.9
02,385937.048,-0.8,-0.9,0.4,0.8
03,385937.673,-0.7,-0.8,0.2,0.6
04,385938.298,-0.5,-0.7,0.1,0.3
05,385939.049,-0.5,-0.8,-0.1,0.2
06,385939.674,-0.7,-1.1,-0.2,0.1
07,385940.298,-0.8,-1,-0.4,0
08,385940.924,-0.9,-0.9,-0.7,-0.2
09,385941.549,-1,-0.9,-0.8,-0.4
00,385942.298,-1,-0.9,-1,-0.5
01,385942.923,-0.8,-1,-1.1,-0.7
02,385943.548,-0.8,-1,-1.2,-0.8
03,385944.174,-0.9,-1.1,-1.3,-0.9
04,385944.799,-1.1,-1.2,-1.3,-0.9
05,385945.549,-1.3,-1.2,-1.5,-1
06,385946.173,-1.2,-1.3,-1.8,-1.2
07,385946.798,-1.1,-1.3,-2,-1.5
08,385947.423,-0.9,-1.1,-2.1,-1.7
09,385948.049,-0.9,-1,-2.2,-1.8
00,385948.799,-0.9,-1,-2.1,-1.8
01,385949.424,-1,-1.3,-2.1,-1.8
02,385950.049,-1,-1.5,-2.1,-1.8
03,385950.674,-1.1,-1.6,-2.1,-1.7
04,385951.299,-1,-1.5,-2,-1.6
05,385951.924,-1,-1.4,-1.9,-1.6
06,385952.674,-1.1,-1.6,-1.9,-1.7
07,385953.299,-1.1,-1.6,-1.9,-1.8
08,385953.924,-1.1,-1.5,-2,-1.9
09,385954.549,-1,-1.5,-2.1,-1.9
00,385955.174,-1,-1.6,-2.1,-1.9
01,385955.924,-1,-1.5,-2.2,-1.9
02,385956.549,-1.1,-1.4,-2.2,-1.9
03,385957.174,-1.1,-1.4,-2.2,-2
04,385957.799,-1.1,-1.6,-2.3,-2.1
05,385958.424,-1.2,-1.6,-2.4,-2.2
06,385959.174,-1.2,-1.6,-2.5,-2.2
07,385959.799,-1.2,-1.4,-2.5,-2.2
08,385960.424,-1.3,-1.5,-2.5,-2.1
09,385961.049,-1.4,-1.6,-2.5,-2
00,385961.674,-1.3,-1.4,-2.6,-2
01,385962.424,-1.2,-1.4,-2.8,-2.1
02,385963.049,-1.2,-1.6,-2.9,-2.2
03,385963.674,-1.2,-1.6,-2.9,-2.3
04,385964.299,-1,-1.5,-2.8,-2.4
05,385965.049,-0.9,-1.4,-2.7,-2.5
06,385965.674,-0.9,-1.3,-2.7,-2.5
07,385966.299,-0.8,-1.2,-2.7,-2.5
08,385966.924,-0.8,-1.2,-2.8,-2.6
09,385967.549,-0.9,-1.3,-2.9,-2.6
00,385968.299,-0.9,-1.4,-3.1,-2.7
01,385968.924,-0.9,-1.4,-3.2,-2.8
02,385969.549,-0.8,-1.3,-3.2,-2.8
03,385970.174,-0.7,-1.3,-3.1,-2.8
04,385970.799,-0.7,-1.1,-3.1,-2.8
05,385971.424,-0.8,-1.2,-3,-2.6
06,385972.174,-0.7,-1.1,-3,-2.6
07,385972.799,-0.6,-1,-2.9,-2.7
08,385973.424,-0.6,-1,-2.8,-2.7
09,385974.049,-0.7,-1.1,-2.7,-2.5
00,385974.674,-0.8,-1.1,-2.6,-2.4
01,385975.424,-0.9,-1.1,-2.5,-2.2
02,385976.049,-1,-1.1,-2.5,-2.1
03,385976.674,-1,-1.3,-2.5,-2
04,385977.299,-1,-1.3,-2.5,-1.9
05,385977.924,-0.9,-1.2,-2.5,-1.9
06,385978.674,-0.8,-1,-2.4,-1.8
07,385979.299,-0.7,-1.1,-2.2,-1.8
08,385979.924,-0.6,-1.2,-2,-1.6
09,385980.549,-0.4,-1.2,-1.8,-1.4
00,385981.174,-0.4,-1.1,-1.7,-1.3
01,385981.924,-0.4,-1.1,-1.7,-1.3
02,385982.549,-0.6,-1,-1.7,-1.4
03,385983.174,-0.6,-1,-1.7,-1.4
04,385983.799,-0.6,-0.9,-1.6,-1.4
05,385984.424,-0.5,-0.8,-1.5,-1.3
06,385985.174,-0.5,-0.8,-1.3,-1.1
07,385985.799,-0.3,-0.8,-1.1,-1
08,385986.424,-0.2,-0.7,-1.1,-1
09,385987.049,-0.2,-0.7,-1.2,-1
00,385987.674,-0.2,-0.7,-1.3,-1.1
01,385988.424,-0.3,-0.8,-1.3,-1
02,385989.049,-0.2,-0.8,-1.2,-1
03,385989.674,-0.2,-0.7,-1.1,-0.9
04,385990.299,-0.1,-0.6,-1,-0.8
05,385990.924,0,-0.6,-1,-0.8
06,385991.674,0.1,-0.4,-1.1,-0.9
07,385992.299,0.1,-0.3,-1.2,-1.1
08,385992.924,0,-0.2,-1.3,-1.2
09,385993.549,0,-0.3,-1.4,-1.3
00,385994.174,0,-0.4,-1.4,-1.3
01,385994.924,0,-0.4,-1.5,-1.3
02,385995.549,0,-0.5,-1.4,-1.2
03,385996.174,0,-0.4,-1.4,-1.3
04,385996.799,0,-0.3,-1.5,-1.3
05,385997.424,0,-0.3,-1.5,-1.3
06,385998.174,-0.1,-0.3,-1.5,-1.3
07,385998.8,-0.1,-1,-1.5,-1.2
08,385999.425,-0.2,-0.4,-1.3,-1
09,386000.049,-0.3,-0.6,-1.3,-1
00,386000.674,-0.1,-0.2,-1.1,-0.9
01,386001.424,0,-0.6,-1,-0.9
02,386002.05,-0.1,-0.6,-1,-0.8
03,386002.675,-0.2,-0.6,-1.1,-0.9
04,386003.3,-0.4,-0.9,-1.2,-1
05,386003.925,-0.5,-1,-1.1,-1.1
06,386004.675,-0.6,-1,-1,-1.1
07,386005.3,-0.7,-1,-0.9,-1
08,386005.924,-0.6,-0.9,-0.9,-0.7
09,386006.674,-0.5,-1.2,-1,-0.8
